Player,Year,MP,G,MPG,Pos,Age,Tm,PER,USG%,VORP,BPM,PTS,AST,TRB,is_rotation_player
David Andersen,2010.0,891.0,63.0,14.142857142857142,C,29.0,HOU,12.1,20.2,-0.4,-3.8,367.0,44.0,208.0,0
Antonio Anderson,2010.0,15.0,1.0,15.0,SF,24.0,OKC,-1.7,12.0,0.0,-11.4,2.0,0.0,1.0,1
Jeff Ayres,2010.0,405.0,39.0,10.384615384615385,C,22.0,POR,12.1,10.1,-0.1,-2.9,104.0,1.0,98.0,0
Rodrigue Beaubois,2010.0,700.0,56.0,12.5,PG,21.0,DAL,18.5,24.7,0.6,1.3,397.0,74.0,78.0,1
DeJuan Blair,2010.0,1494.0,82.0,18.21951219512195,PF,20.0,SAS,17.7,20.8,1.0,0.7,638.0,65.0,526.0,1
Jon Brockman,2010.0,654.0,52.0,12.576923076923077,PF,22.0,SAC,12.4,10.4,0.2,-0.8,147.0,22.0,213.0,0
Derrick Brown,2010.0,535.0,57.0,9.385964912280702,SF,22.0,CHA,12.6,17.2,0.0,-2.2,186.0,19.0,78.0,0
Chase Budinger,2010.0,1488.0,74.0,20.10810810810811,SF,21.0,HOU,14.1,19.4,0.3,-1.1,657.0,88.0,220.0,1
DeMarre Carroll,2010.0,795.0,71.0,11.19718309859155,SF,23.0,MEM,8.5,14.8,-0.4,-4.1,209.0,33.0,150.0,0
Omri Casspi,2010.0,1931.0,77.0,25.07792207792208,SF,21.0,SAC,13.0,19.4,-0.1,-2.1,792.0,95.0,349.0,1
Earl Clark,2010.0,383.0,51.0,7.509803921568627,PF,22.0,PHO,8.5,21.9,-0.5,-6.9,140.0,21.0,62.0,0
Darren Collison,2010.0,2109.0,76.0,27.75,PG,22.0,NOH,16.5,23.1,0.2,-1.7,946.0,432.0,192.0,1
Dante Cunningham,2010.0,707.0,63.0,11.222222222222221,PF,22.0,POR,14.3,16.8,0.0,-1.9,243.0,14.0,160.0,1
JamesOn Curry,2010.0,0.0,1.0,0.0,PG,24.0,LAC,,,0.0,-6.9,0.0,0.0,0.0,0
Stephen Curry,2010.0,2896.0,80.0,36.2,PG,21.0,GSW,16.3,21.8,2.2,1.0,1399.0,472.0,356.0,1
Austin Daye,2010.0,915.0,69.0,13.26086956521739,SF,21.0,DET,12.8,18.5,-0.2,-2.7,349.0,34.0,174.0,1
DeMar DeRozan,2010.0,1664.0,77.0,21.61038961038961,SG,20.0,TOR,12.5,18.1,-0.3,-2.8,662.0,53.0,223.0,1
Toney Douglas,2010.0,1087.0,56.0,19.410714285714285,PG,23.0,NYK,14.9,19.8,0.3,-0.8,481.0,112.0,108.0,1
Wayne Ellington,2010.0,1384.0,76.0,18.210526315789473,SG,22.0,MIN,9.6,17.4,-1.0,-4.8,505.0,74.0,159.0,1
Tyreke Evans,2010.0,2677.0,72.0,37.18055555555556,SG,20.0,SAC,18.2,26.2,2.5,1.6,1450.0,414.0,380.0,1
Jonny Flynn,2010.0,2339.0,81.0,28.876543209876544,PG,20.0,MIN,13.0,24.2,-1.0,-3.6,1094.0,356.0,191.0,1
Sundiata Gaines,2010.0,217.0,32.0,6.78125,PG,23.0,UTA,17.3,24.0,0.1,0.1,106.0,39.0,29.0,0
Alonzo Gee,2010.0,182.0,11.0,16.545454545454547,SG,22.0,WAS,16.2,20.4,0.0,-1.4,81.0,7.0,33.0,1
Taj Gibson,2010.0,2204.0,82.0,26.878048780487806,PF,24.0,CHI,13.8,16.7,0.8,-0.6,735.0,70.0,611.0,1
Trey Gilder,2010.0,5.0,2.0,2.5,SF,25.0,MEM,30.9,8.8,0.0,7.6,2.0,0.0,1.0,0
Danny Green,2010.0,115.0,20.0,5.75,SG,22.0,CLE,12.3,18.9,0.0,-0.8,40.0,5.0,17.0,1
Taylor Griffin,2010.0,32.0,8.0,4.0,SF,23.0,PHO,5.2,17.6,0.0,-7.3,10.0,1.0,2.0,0
Tyler Hansbrough,2010.0,511.0,29.0,17.620689655172413,PF,24.0,IND,14.6,25.5,-0.3,-4.2,246.0,28.0,138.0,1
James Harden,2010.0,1738.0,76.0,22.86842105263158,SG,20.0,OKC,14.0,20.4,1.3,1.0,753.0,137.0,244.0,1
Jordan Hill,2010.0,624.0,47.0,13.27659574468085,PF,22.0,TOT,15.0,18.7,-0.2,-3.1,244.0,20.0,175.0,1
Jordan Hill,2010.0,252.0,24.0,10.5,PF,22.0,NYK,14.0,20.3,-0.2,-4.4,97.0,7.0,61.0,1
Jordan Hill,2010.0,372.0,23.0,16.17391304347826,PF,22.0,HOU,15.7,17.6,0.0,-2.2,147.0,13.0,114.0,1
Jrue Holiday,2010.0,1767.0,73.0,24.205479452054796,PG,19.0,PHI,12.3,18.4,0.1,-1.8,587.0,280.0,191.0,1
Lester Hudson,2010.0,131.0,25.0,5.24,PG,25.0,TOT,13.2,25.0,0.0,-2.6,58.0,13.0,18.0,0
Lester Hudson,2010.0,70.0,16.0,4.375,PG,25.0,BOS,8.7,19.9,0.0,-4.1,22.0,8.0,8.0,0
Lester Hudson,2010.0,61.0,9.0,6.777777777777778,PG,25.0,MEM,18.3,30.9,0.0,-0.9,36.0,5.0,10.0,0
Chris Hunter,2010.0,783.0,60.0,13.05,C,25.0,GSW,12.2,15.2,-0.2,-3.1,270.0,37.0,167.0,0
Serge Ibaka,2010.0,1323.0,73.0,18.123287671232877,PF,20.0,OKC,15.2,16.2,-0.1,-2.4,461.0,10.0,397.0,1
Cedric Jackson,2010.0,74.0,12.0,6.166666666666667,PG,23.0,TOT,5.5,22.4,-0.1,-7.5,20.0,14.0,8.0,0
Cedric Jackson,2010.0,10.0,5.0,2.0,PG,23.0,CLE,-6.6,22.2,0.0,-16.8,1.0,2.0,1.0,0
Cedric Jackson,2010.0,25.0,3.0,8.333333333333334,PG,23.0,SAS,19.2,19.7,0.0,5.4,7.0,6.0,4.0,0
Cedric Jackson,2010.0,39.0,4.0,9.75,PG,23.0,WAS,-0.2,24.1,-0.1,-13.4,12.0,6.0,3.0,0
Othyus Jeffers,2010.0,73.0,14.0,5.214285714285714,SG,24.0,UTA,13.6,26.7,-0.1,-8.5,37.0,1.0,19.0,1
Brandon Jennings,2010.0,2671.0,82.0,32.573170731707314,PG,20.0,MIL,14.5,26.1,1.9,0.9,1270.0,470.0,282.0,1
Jonas Jerebko,2010.0,2232.0,80.0,27.9,PF,22.0,DET,13.9,15.7,1.0,-0.2,741.0,58.0,478.0,1
James Johnson,2010.0,757.0,65.0,11.646153846153846,PF,22.0,CHI,10.4,18.0,0.0,-2.1,256.0,48.0,128.0,1
Oliver Lafayette,2010.0,22.0,1.0,22.0,SG,25.0,BOS,12.8,14.9,0.0,-2.8,7.0,2.0,4.0,1
Marcus Landry,2010.0,111.0,18.0,6.166666666666667,SF,24.0,TOT,7.2,20.9,-0.3,-11.8,44.0,0.0,19.0,0
Marcus Landry,2010.0,108.0,17.0,6.352941176470588,SF,24.0,NYK,8.1,20.6,-0.3,-11.3,44.0,0.0,19.0,0
Marcus Landry,2010.0,3.0,1.0,3.0,SF,24.0,BOS,-26.8,31.3,0.0,-29.9,0.0,0.0,0.0,0
Ty Lawson,2010.0,1318.0,65.0,20.276923076923076,PG,22.0,DEN,16.4,18.0,0.7,0.0,542.0,203.0,124.0,1
Wesley Matthews,2010.0,2025.0,82.0,24.695121951219512,SG,23.0,UTA,12.3,16.5,0.9,-0.2,769.0,124.0,191.0,1
Eric Maynor,2010.0,1269.0,81.0,15.666666666666666,PG,22.0,TOT,11.8,17.1,-0.4,-3.3,382.0,266.0,129.0,1
Eric Maynor,2010.0,363.0,26.0,13.961538461538462,PG,22.0,UTA,12.3,21.7,-0.2,-3.7,134.0,81.0,38.0,1
Eric Maynor,2010.0,906.0,55.0,16.472727272727273,PG,22.0,OKC,11.6,15.3,-0.3,-3.2,248.0,185.0,91.0,1
Jodie Meeks,2010.0,719.0,60.0,11.983333333333333,SG,22.0,TOT,10.8,19.6,-0.3,-3.7,281.0,39.0,99.0,0
Jodie Meeks,2010.0,486.0,41.0,11.853658536585366,SG,22.0,MIL,8.4,19.2,-0.3,-4.6,169.0,22.0,72.0,0
Jodie Meeks,2010.0,233.0,19.0,12.263157894736842,SG,22.0,PHI,15.8,20.3,0.0,-1.7,112.0,17.0,27.0,0
Patty Mills,2010.0,38.0,10.0,3.8,PG,21.0,POR,11.9,38.9,-0.1,-8.5,26.0,5.0,2.0,1
Byron Mullens,2010.0,54.0,13.0,4.153846153846154,PF,20.0,OKC,0.7,19.1,-0.1,-10.5,14.0,1.0,10.0,1
A.J. Price,2010.0,865.0,56.0,15.446428571428571,PG,23.0,IND,14.0,22.7,0.0,-1.8,410.0,106.0,88.0,1
DaJuan Summers,2010.0,405.0,44.0,9.204545454545455,SF,22.0,DET,7.5,18.5,-0.4,-5.8,134.0,16.0,45.0,0
Jermaine Taylor,2010.0,303.0,31.0,9.774193548387096,SG,23.0,HOU,11.4,23.1,-0.3,-5.5,128.0,16.0,46.0,0
Jeff Teague,2010.0,719.0,71.0,10.126760563380282,PG,21.0,ATL,11.0,19.1,-0.4,-4.2,228.0,122.0,67.0,1
Garrett Temple,2010.0,334.0,27.0,12.37037037037037,SG,23.0,TOT,10.5,20.3,-0.1,-2.9,136.0,21.0,31.0,0
Garrett Temple,2010.0,118.0,9.0,13.11111111111111,SG,23.0,HOU,8.6,20.1,-0.1,-4.4,45.0,7.0,14.0,0
Garrett Temple,2010.0,23.0,5.0,4.6,SG,23.0,SAC,15.4,23.5,0.0,-4.2,11.0,2.0,3.0,0
Garrett Temple,2010.0,193.0,13.0,14.846153846153847,SG,23.0,SAS,11.1,20.0,0.0,-1.8,80.0,12.0,14.0,0
Hasheem Thabeet,2010.0,883.0,68.0,12.985294117647058,C,22.0,MEM,12.9,10.7,0.4,-0.4,208.0,11.0,243.0,0
Marcus Thornton,2010.0,1872.0,73.0,25.643835616438356,SG,22.0,NOH,17.4,25.3,0.8,-0.4,1057.0,114.0,211.0,1
Terrence Williams,2010.0,1764.0,78.0,22.615384615384617,SF,22.0,NJN,11.5,21.8,-0.8,-3.8,656.0,223.0,348.0,1
Sam Young,2010.0,1321.0,80.0,16.5125,SF,24.0,MEM,13.0,22.1,-0.8,-4.4,595.0,52.0,201.0,1
Jeff Adrien,2011.0,196.0,23.0,8.521739130434783,PF,24.0,GSW,11.3,16.1,-0.2,-5.1,57.0,10.0,58.0,0
Solomon Alabi,2011.0,59.0,12.0,4.916666666666667,C,22.0,TOR,2.0,14.3,-0.1,-8.2,6.0,2.0,14.0,0
Cole Aldrich,2011.0,142.0,18.0,7.888888888888889,C,22.0,OKC,7.0,7.9,0.0,-0.8,18.0,4.0,35.0,0
Al-Farouq Aminu,2011.0,1452.0,81.0,17.925925925925927,SF,20.0,LAC,9.6,17.3,-0.4,-3.0,457.0,60.0,267.0,1
James Anderson,2011.0,286.0,26.0,11.0,SF,21.0,SAS,8.5,16.4,-0.1,-3.4,94.0,18.0,23.0,0
Omer Asik,2011.0,989.0,82.0,12.060975609756097,C,24.0,CHI,11.8,12.5,0.4,-0.5,229.0,32.0,306.0,1
Luke Babbitt,2011.0,137.0,24.0,5.708333333333333,SF,21.0,POR,1.0,22.8,-0.3,-12.0,36.0,6.0,30.0,0
Eric Bledsoe,2011.0,1841.0,81.0,22.728395061728396,PG,21.0,LAC,10.8,17.9,0.0,-2.0,543.0,289.0,223.0,1
Trevor Booker,2011.0,1063.0,65.0,16.353846153846153,PF,23.0,WAS,15.3,13.9,0.3,-0.7,346.0,35.0,251.0,1
Craig Brackins,2011.0,33.0,3.0,11.0,PF,23.0,PHI,0.1,22.3,-0.1,-11.5,8.0,1.0,4.0,0
Avery Bradley,2011.0,162.0,31.0,5.225806451612903,PG,20.0,BOS,2.2,26.1,-0.3,-9.7,52.0,12.0,17.0,1
Derrick Caracter,2011.0,215.0,41.0,5.2439024390243905,C,22.0,LAL,10.0,20.2,-0.2,-4.9,81.0,7.0,43.0,0
Sherron Collins,2011.0,66.0,20.0,3.3,PG,23.0,CHA,3.6,20.9,-0.1,-10.2,17.0,8.0,5.0,0
Marcus Cousin,2011.0,18.0,4.0,4.5,C,24.0,UTA,7.8,10.2,0.0,-9.9,4.0,0.0,3.0,0
DeMarcus Cousins,2011.0,2309.0,81.0,28.506172839506174,C,20.0,SAC,14.6,27.2,0.4,-1.4,1143.0,204.0,699.0,1
Jordan Crawford,2011.0,1027.0,42.0,24.452380952380953,SG,22.0,TOT,11.8,27.0,-0.5,-3.8,490.0,117.0,105.0,1
Jordan Crawford,2011.0,160.0,16.0,10.0,SG,22.0,ATL,7.6,28.1,-0.2,-7.5,67.0,15.0,28.0,1
Jordan Crawford,2011.0,867.0,26.0,33.34615384615385,SG,22.0,WAS,12.6,26.8,-0.3,-3.2,423.0,102.0,77.0,1
Ed Davis,2011.0,1602.0,65.0,24.646153846153847,PF,21.0,TOR,15.8,13.3,0.9,0.3,501.0,40.0,462.0,1
Zabian Dowdell,2011.0,292.0,24.0,12.166666666666666,PG,26.0,PHO,11.7,25.0,-0.2,-4.6,121.0,51.0,20.0,0
Devin Ebanks,2011.0,118.0,20.0,5.9,SG,21.0,LAL,19.4,25.9,-0.1,-4.3,62.0,2.0,27.0,1
Semih Erden,2011.0,595.0,41.0,14.512195121951219,C,24.0,TOT,10.3,13.7,0.2,-0.5,163.0,20.0,118.0,1
Semih Erden,2011.0,531.0,37.0,14.35135135135135,C,24.0,BOS,10.8,13.8,0.3,0.1,150.0,19.0,107.0,1
Semih Erden,2011.0,64.0,4.0,16.0,C,24.0,CLE,6.2,13.2,-0.1,-5.3,13.0,1.0,11.0,1
Jeremy Evans,2011.0,463.0,49.0,9.448979591836734,SF,23.0,UTA,18.8,14.9,0.4,1.2,178.0,24.0,97.0,0
Patrick Ewing,2011.0,19.0,7.0,2.7142857142857144,SF,26.0,NOH,0.6,19.5,0.0,-9.3,3.0,2.0,2.0,0
Christian Eyenga,2011.0,947.0,44.0,21.522727272727273,SF,21.0,CLE,9.0,17.5,-0.4,-3.7,303.0,35.0,123.0,1
Derrick Favors,2011.0,1535.0,78.0,19.67948717948718,PF,19.0,TOT,13.8,17.1,0.0,-2.1,533.0,39.0,412.0,1
Derrick Favors,2011.0,1091.0,56.0,19.482142857142858,PF,19.0,NJN,12.6,16.3,-0.2,-2.7,353.0,21.0,297.0,1
Derrick Favors,2011.0,444.0,22.0,20.181818181818183,PF,19.0,UTA,16.8,19.2,0.1,-0.7,180.0,18.0,115.0,1
Landry Fields,2011.0,2541.0,82.0,30.98780487804878,SG,22.0,NYK,13.5,13.5,1.7,0.6,797.0,155.0,521.0,1
Gary Forbes,2011.0,791.0,63.0,12.555555555555555,SF,25.0,DEN,11.7,20.1,-0.2,-3.0,326.0,49.0,116.0,0
Paul George,2011.0,1265.0,61.0,20.737704918032787,SG,20.0,IND,13.0,17.8,0.6,0.0,476.0,65.0,224.0,1
Blake Griffin,2011.0,3112.0,82.0,37.951219512195124,PF,21.0,LAC,21.9,27.3,4.0,3.2,1845.0,312.0,989.0,1
Luke Harangody,2011.0,640.0,49.0,13.061224489795919,PF,23.0,TOT,10.1,16.8,-0.1,-2.8,193.0,30.0,143.0,1
Luke Harangody,2011.0,241.0,28.0,8.607142857142858,PF,23.0,BOS,8.7,15.8,-0.1,-3.0,63.0,10.0,55.0,1
Luke Harangody,2011.0,399.0,21.0,19.0,PF,23.0,CLE,11.0,17.5,-0.1,-2.7,130.0,20.0,88.0,1
Manny Harris,2011.0,933.0,54.0,17.27777777777778,SG,21.0,CLE,10.4,19.1,-0.4,-3.6,321.0,85.0,140.0,1
Gordon Hayward,2011.0,1218.0,72.0,16.916666666666668,SF,20.0,UTA,10.7,15.3,-0.2,-2.8,388.0,81.0,139.0,1
Lazar Hayward,2011.0,419.0,42.0,9.976190476190476,SF,24.0,MIN,10.8,19.5,-0.2,-3.6,160.0,28.0,70.0,0
Xavier Henry,2011.0,527.0,38.0,13.868421052631579,SG,19.0,MEM,7.0,16.8,-0.5,-6.0,165.0,18.0,37.0,1
Damion James,2011.0,403.0,25.0,16.12,SF,23.0,NJN,10.1,16.2,-0.1,-3.4,110.0,20.0,85.0,1
Eugene Jeter,2011.0,858.0,62.0,13.838709677419354,PG,27.0,SAC,11.1,16.5,-0.7,-5.4,255.0,162.0,70.0,0
Armon Johnson,2011.0,277.0,38.0,7.2894736842105265,PG,21.0,POR,9.3,25.1,-0.3,-6.8,110.0,45.0,36.0,0
Chris Johnson,2011.0,138.0,14.0,9.857142857142858,C,25.0,TOT,10.2,13.5,0.0,-2.9,33.0,3.0,32.0,0
Chris Johnson,2011.0,106.0,10.0,10.6,C,25.0,POR,10.3,15.0,0.0,-3.8,27.0,2.0,27.0,0
Chris Johnson,2011.0,32.0,4.0,8.0,C,25.0,BOS,9.9,8.8,0.0,-0.1,6.0,1.0,5.0,0
Wesley Johnson,2011.0,2069.0,79.0,26.189873417721518,SG,23.0,MIN,10.2,16.8,0.2,-1.6,709.0,148.0,240.0,1
Dominique Jones,2011.0,135.0,18.0,7.5,SG,22.0,DAL,10.6,21.7,0.0,-3.4,42.0,19.0,25.0,0
Gani Lawal,2011.0,2.0,1.0,2.0,PF,22.0,PHO,-9.1,0.0,0.0,-4.9,0.0,0.0,0.0,0
Jeremy Lin,2011.0,285.0,29.0,9.827586206896552,PG,22.0,GSW,14.8,15.6,0.2,0.6,76.0,42.0,34.0,1
Greg Monroe,2011.0,2222.0,80.0,27.775,C,20.0,DET,18.0,15.4,2.5,2.5,751.0,105.0,601.0,1
Timofey Mozgov,2011.0,524.0,45.0,11.644444444444444,C,24.0,TOT,10.8,16.2,-0.3,-4.3,163.0,15.0,121.0,0
Timofey Mozgov,2011.0,458.0,34.0,13.470588235294118,C,24.0,NYK,10.3,15.8,-0.2,-3.6,135.0,15.0,104.0,0
Timofey Mozgov,2011.0,66.0,11.0,6.0,C,24.0,DEN,14.4,18.6,-0.1,-9.0,28.0,0.0,17.0,0
Hamady N'Diaye,2011.0,80.0,16.0,5.0,C,24.0,WAS,5.3,7.3,-0.1,-4.6,14.0,0.0,7.0,0
Gary Neal,2011.0,1685.0,80.0,21.0625,SG,26.0,SAS,13.1,20.6,0.4,-1.1,783.0,96.0,196.0,1
Larry Owens,2011.0,143.0,12.0,11.916666666666666,SF,28.0,TOT,11.2,12.7,0.1,-0.1,40.0,8.0,15.0,1
Larry Owens,2011.0,31.0,7.0,4.428571428571429,SF,28.0,SAS,11.9,11.5,0.0,0.5,9.0,1.0,4.0,1
Larry Owens,2011.0,112.0,5.0,22.4,SF,28.0,WAS,11.0,13.1,0.0,-0.2,31.0,7.0,11.0,1
Patrick Patterson,2011.0,868.0,52.0,16.692307692307693,PF,21.0,HOU,16.7,16.1,0.5,0.5,328.0,41.0,200.0,1
Nikola Pekovic,2011.0,887.0,65.0,13.646153846153846,C,25.0,MIN,11.2,19.4,-0.4,-3.9,359.0,27.0,193.0,1
Dexter Pittman,2011.0,11.0,2.0,5.5,C,22.0,MIA,-6.4,21.3,-0.1,-21.2,2.0,0.0,3.0,0
Quincy Pondexter,2011.0,734.0,66.0,11.121212121212121,SF,22.0,NOH,8.5,13.7,-0.1,-2.8,188.0,28.0,88.0,1
Andy Rautins,2011.0,24.0,5.0,4.8,SG,24.0,NYK,-1.2,27.5,-0.1,-16.0,8.0,3.0,1.0,0
Samardo Samuels,2011.0,701.0,37.0,18.945945945945947,PF,22.0,CLE,11.7,22.1,-0.7,-5.9,288.0,17.0,158.0,1
Larry Sanders,2011.0,872.0,60.0,14.533333333333333,C,22.0,MIL,11.0,17.6,-0.3,-3.2,260.0,16.0,178.0,1
Kevin Seraphin,2011.0,635.0,58.0,10.948275862068966,PF,21.0,WAS,8.4,14.1,-0.4,-4.5,154.0,10.0,152.0,1
Mustafa Shakur,2011.0,159.0,22.0,7.2272727272727275,PG,26.0,WAS,6.8,23.2,-0.2,-7.6,51.0,25.0,22.0,0
Garret Siler,2011.0,101.0,21.0,4.809523809523809,C,24.0,PHO,13.5,22.6,-0.1,-4.2,45.0,3.0,28.0,0
Ish Smith,2011.0,442.0,43.0,10.279069767441861,PG,22.0,TOT,7.6,15.9,-0.5,-6.1,101.0,79.0,47.0,0
Ish Smith,2011.0,329.0,28.0,11.75,PG,22.0,HOU,8.8,15.2,-0.3,-5.1,74.0,64.0,42.0,0
Ish Smith,2011.0,113.0,15.0,7.533333333333333,PG,22.0,MEM,4.3,17.9,-0.2,-9.0,27.0,15.0,5.0,0
Tiago Splitter,2011.0,738.0,60.0,12.3,C,26.0,SAS,16.0,17.7,0.2,-0.7,278.0,26.0,201.0,1
Lance Stephenson,2011.0,115.0,12.0,9.583333333333334,SG,20.0,IND,5.5,23.5,-0.2,-8.1,37.0,21.0,18.0,1
Pape Sy,2011.0,21.0,3.0,7.0,SF,22.0,ATL,9.2,23.3,0.0,-6.0,7.0,2.0,3.0,0
Evan Turner,2011.0,1797.0,78.0,23.03846153846154,SG,22.0,PHI,10.8,17.0,-0.2,-2.4,565.0,159.0,306.0,1
Ekpe Udoh,2011.0,1030.0,58.0,17.75862068965517,C,23.0,GSW,9.7,12.8,0.0,-2.0,236.0,40.0,181.0,1
Ben Uzoh,2011.0,438.0,42.0,10.428571428571429,PG,22.0,NJN,14.7,20.5,0.0,-1.7,158.0,69.0,61.0,1
Greivis Vasquez,2011.0,860.0,70.0,12.285714285714286,SG,24.0,MEM,9.4,16.9,-0.6,-4.6,249.0,151.0,73.0,1
John Wall,2011.0,2606.0,69.0,37.768115942028984,PG,20.0,WAS,15.8,23.8,1.2,-0.2,1131.0,574.0,317.0,1
Willie Warren,2011.0,134.0,19.0,7.052631578947368,PG,21.0,LAC,10.8,15.5,-0.1,-4.5,37.0,27.0,12.0,0
Hassan Whiteside,2011.0,2.0,1.0,2.0,C,21.0,SAC,-17.9,0.0,0.0,-6.5,0.0,0.0,0.0,1
Lavoy Allen,2012.0,624.0,41.0,15.21951219512195,PF,22.0,PHI,12.7,14.5,0.1,-1.3,169.0,34.0,171.0,1
Gustavo Ayon,2012.0,1088.0,54.0,20.14814814814815,PF,26.0,NOH,16.7,14.5,1.5,3.4,319.0,74.0,265.0,1
Keith Benson,2012.0,9.0,3.0,3.0,C,23.0,GSW,6.0,5.1,0.0,-10.4,0.0,0.0,3.0,0
Bismack Biyombo,2012.0,1455.0,63.0,23.095238095238095,C,19.0,CHA,10.6,13.1,-0.7,-3.9,327.0,27.0,368.0,1
MarShon Brooks,2012.0,1648.0,56.0,29.428571428571427,SG,23.0,NJN,12.9,22.9,-0.2,-2.5,708.0,131.0,200.0,1
Alec Burks,2012.0,939.0,59.0,15.915254237288135,SG,20.0,UTA,14.0,22.5,-0.1,-2.5,425.0,55.0,132.0,1
Jimmy Butler,2012.0,359.0,42.0,8.547619047619047,SG,22.0,CHI,12.5,14.9,0.1,-1.3,109.0,14.0,56.0,1
Derrick Byars,2012.0,37.0,2.0,18.5,PF,27.0,SAS,14.9,15.7,0.0,0.6,10.0,1.0,11.0,1
Norris Cole,2012.0,1260.0,65.0,19.384615384615383,PG,23.0,MIA,7.9,21.8,-1.2,-5.9,441.0,133.0,91.0,1
Eric Dawson,2012.0,39.0,4.0,9.75,C,27.0,SAS,14.6,18.6,0.0,-5.9,15.0,0.0,10.0,0
Justin Dentmon,2012.0,91.0,6.0,15.166666666666666,PG,26.0,TOT,4.8,19.4,-0.1,-6.8,26.0,10.0,8.0,1
Justin Dentmon,2012.0,19.0,2.0,9.5,PG,26.0,SAS,1.6,16.8,0.0,-6.3,4.0,1.0,1.0,1
Justin Dentmon,2012.0,72.0,4.0,18.0,PG,26.0,TOR,5.7,20.1,-0.1,-6.9,22.0,9.0,7.0,1
Jerome Dyson,2012.0,180.0,9.0,20.0,PG,24.0,NOH,11.3,22.0,-0.1,-3.1,67.0,18.0,19.0,1
Kenneth Faried,2012.0,1037.0,46.0,22.543478260869566,PF,22.0,DEN,21.9,18.7,1.4,3.4,471.0,36.0,352.0,1
Jeff Foote,2012.0,39.0,4.0,9.75,C,24.0,NOH,-0.9,9.7,-0.1,-12.0,4.0,0.0,6.0,0
Courtney Fortson,2012.0,95.0,10.0,9.5,PG,23.0,TOT,9.9,23.4,-0.1,-4.8,35.0,10.0,15.0,0
Courtney Fortson,2012.0,46.0,4.0,11.5,PG,23.0,LAC,11.4,21.0,0.0,-4.6,17.0,5.0,8.0,0
Courtney Fortson,2012.0,49.0,6.0,8.166666666666666,PG,23.0,HOU,8.5,25.6,0.0,-5.1,18.0,5.0,7.0,0
Jimmer Fredette,2012.0,1135.0,61.0,18.60655737704918,PG,22.0,SAC,10.8,20.4,-0.7,-4.4,462.0,108.0,73.0,1
Mickell Gladness,2012.0,252.0,26.0,9.692307692307692,PF,25.0,TOT,9.5,13.1,-0.2,-4.8,56.0,5.0,58.0,0
Mickell Gladness,2012.0,28.0,8.0,3.5,PF,25.0,MIA,1.8,9.9,0.0,-5.2,2.0,2.0,11.0,0
Mickell Gladness,2012.0,224.0,18.0,12.444444444444445,PF,25.0,GSW,10.5,13.4,-0.2,-4.8,54.0,3.0,47.0,0
Andrew Goudelock,2012.0,419.0,40.0,10.475,SG,23.0,LAL,8.4,21.9,-0.5,-6.6,175.0,20.0,31.0,0
Jordan Hamilton,2012.0,258.0,26.0,9.923076923076923,SF,21.0,DEN,13.9,22.3,0.0,-2.4,115.0,20.0,62.0,1
Justin Harper,2012.0,84.0,14.0,6.0,PF,22.0,ORL,1.7,20.9,-0.2,-9.8,20.0,2.0,12.0,0
Josh Harrellson,2012.0,540.0,37.0,14.594594594594595,PF,22.0,NYK,13.7,15.0,0.2,-0.4,162.0,11.0,144.0,0
Terrel Harris,2012.0,318.0,22.0,14.454545454545455,SG,24.0,MIA,6.7,17.1,-0.1,-3.4,80.0,26.0,51.0,0
Tobias Harris,2012.0,479.0,42.0,11.404761904761905,SF,19.0,MIL,14.2,20.6,-0.2,-3.5,208.0,22.0,101.0,1
Cory Higgins,2012.0,423.0,38.0,11.131578947368421,PG,22.0,CHA,4.1,24.6,-1.0,-11.6,150.0,36.0,35.0,0
Darington Hobson,2012.0,39.0,5.0,7.8,SG,24.0,MIL,-3.3,16.9,-0.1,-14.1,4.0,6.0,3.0,0
Tyler Honeycutt,2012.0,88.0,15.0,5.866666666666666,SF,21.0,SAC,10.4,13.9,0.0,-4.0,20.0,7.0,14.0,0
Dennis Horner,2012.0,22.0,8.0,2.75,PF,23.0,NJN,6.6,14.1,-0.1,-13.6,5.0,0.0,5.0,0
Kyrie Irving,2012.0,1558.0,51.0,30.54901960784314,PG,19.0,CLE,21.4,28.7,2.1,3.3,944.0,275.0,191.0,1
Reggie Jackson,2012.0,501.0,45.0,11.133333333333333,PG,21.0,OKC,9.2,18.7,-0.2,-3.9,140.0,71.0,53.0,1
Charles Jenkins,2012.0,893.0,51.0,17.50980392156863,PG,22.0,GSW,12.4,19.0,-0.8,-5.5,297.0,170.0,68.0,1
Carldell Johnson,2012.0,119.0,15.0,7.933333333333334,PG,29.0,NOH,8.9,17.2,-0.1,-4.5,27.0,22.0,9.0,0
Ivan Johnson,2012.0,934.0,56.0,16.678571428571427,PF,27.0,ATL,14.3,19.5,0.0,-1.9,356.0,32.0,226.0,1
JaJuan Johnson,2012.0,298.0,36.0,8.277777777777779,PF,22.0,BOS,11.4,22.4,-0.3,-6.3,114.0,6.0,58.0,0
Jerome Jordan,2012.0,108.0,21.0,5.142857142857143,C,25.0,NYK,18.3,16.4,0.1,0.6,42.0,4.0,27.0,0
Cory Joseph,2012.0,266.0,29.0,9.172413793103448,PG,20.0,SAS,6.9,15.4,-0.2,-4.8,58.0,34.0,25.0,0
Enes Kanter,2012.0,874.0,66.0,13.242424242424242,C,19.0,UTA,14.5,17.3,-0.6,-4.7,304.0,8.0,278.0,1
D.J. Kennedy,2012.0,59.0,2.0,29.5,SF,22.0,CLE,4.7,12.1,-0.1,-5.6,12.0,3.0,7.0,1
Brandon Knight,2012.0,2129.0,66.0,32.25757575757576,PG,20.0,DET,11.7,21.7,0.0,-1.9,847.0,251.0,211.0,1
Malcolm Lee,2012.0,243.0,19.0,12.789473684210526,SG,21.0,MIN,9.3,15.3,-0.1,-3.0,62.0,31.0,26.0,1
Kawhi Leonard,2012.0,1534.0,64.0,23.96875,SF,20.0,SAS,16.6,14.5,2.4,4.3,507.0,70.0,327.0,1
Travis Leslie,2012.0,45.0,10.0,4.5,SG,21.0,LAC,14.6,20.5,0.0,-0.2,14.0,5.0,9.0,0
Jon Leuer,2012.0,555.0,46.0,12.065217391304348,PF,22.0,MIL,15.3,17.6,0.1,-1.4,218.0,25.0,120.0,0
DeAndre Liggins,2012.0,115.0,17.0,6.764705882352941,SF,23.0,ORL,8.9,17.7,-0.1,-4.4,33.0,5.0,15.0,0
Shelvin Mack,2012.0,779.0,64.0,12.171875,PG,21.0,WAS,11.9,16.9,-0.4,-3.9,230.0,131.0,92.0,1
Vernon Macklin,2012.0,135.0,23.0,5.869565217391305,C,25.0,DET,18.2,15.1,0.0,-0.6,46.0,5.0,34.0,0
E'Twaun Moore,2012.0,331.0,38.0,8.710526315789474,PG,22.0,BOS,8.8,19.9,-0.1,-3.5,110.0,34.0,33.0,1
Darius Morris,2012.0,169.0,19.0,8.894736842105264,PG,21.0,LAL,5.2,17.6,-0.3,-8.1,46.0,21.0,16.0,0
Marcus Morris,2012.0,126.0,17.0,7.411764705882353,PF,22.0,HOU,3.8,22.2,-0.3,-10.0,40.0,3.0,16.0,1
Markieff Morris,2012.0,1227.0,63.0,19.476190476190474,PF,22.0,PHO,12.1,20.4,0.4,-0.6,467.0,65.0,279.0,1
Daniel Orton,2012.0,187.0,16.0,11.6875,PF,21.0,ORL,12.7,12.0,0.2,1.2,45.0,5.0,39.0,0
Jeremy Pargo,2012.0,424.0,44.0,9.636363636363637,PG,25.0,MEM,4.4,22.2,-0.6,-7.7,126.0,55.0,37.0,1
Chandler Parsons,2012.0,1804.0,63.0,28.634920634920636,SF,23.0,HOU,13.3,16.7,1.7,1.7,599.0,134.0,300.0,1
Ryan Reid,2012.0,17.0,5.0,3.4,PF,25.0,OKC,17.6,16.0,0.0,-5.5,8.0,0.0,2.0,0
Ricky Rubio,2012.0,1404.0,41.0,34.24390243902439,PG,21.0,MIN,14.6,18.7,1.0,0.9,436.0,336.0,171.0,1
Josh Selby,2012.0,237.0,28.0,8.464285714285714,PG,20.0,MEM,3.3,20.5,-0.5,-9.8,63.0,30.0,15.0,0
Iman Shumpert,2012.0,1705.0,59.0,28.89830508474576,PG,21.0,NYK,10.8,18.2,0.9,0.1,563.0,164.0,186.0,1
Xavier Silas,2012.0,39.0,2.0,19.5,SG,24.0,PHI,0.1,23.3,-0.1,-10.5,11.0,3.0,4.0,1
Chris Singleton,2012.0,1431.0,66.0,21.681818181818183,SF,22.0,WAS,8.3,11.5,0.4,-1.0,306.0,49.0,233.0,1
Donald Sloan,2012.0,669.0,33.0,20.272727272727273,PG,24.0,TOT,8.9,17.6,-0.7,-6.0,183.0,105.0,67.0,1
Donald Sloan,2012.0,20.0,5.0,4.0,PG,24.0,ATL,11.6,23.5,0.0,-2.0,6.0,5.0,5.0,1
Donald Sloan,2012.0,41.0,3.0,13.666666666666666,PG,24.0,NOH,8.0,23.9,-0.1,-7.8,12.0,8.0,3.0,1
Donald Sloan,2012.0,608.0,25.0,24.32,PG,24.0,CLE,8.9,17.0,-0.6,-6.0,165.0,92.0,59.0,1
Jerry Smith,2012.0,46.0,5.0,9.2,PG,24.0,NJN,7.8,13.9,0.0,-1.7,7.0,4.0,7.0,0
Nolan Smith,2012.0,541.0,44.0,12.295454545454545,PG,23.0,POR,7.8,19.8,-0.5,-5.4,167.0,62.0,56.0,0
Greg Stiemsma,2012.0,766.0,55.0,13.927272727272728,C,26.0,BOS,13.6,10.8,1.2,4.5,161.0,28.0,177.0,1
Julyan Stone,2012.0,179.0,22.0,8.136363636363637,SG,23.0,DEN,13.0,11.7,0.1,-0.2,36.0,37.0,25.0,0
Isaiah Thomas,2012.0,1656.0,65.0,25.476923076923075,PG,22.0,SAC,17.6,19.8,1.1,0.5,749.0,266.0,168.0,1
Lance Thomas,2012.0,630.0,42.0,15.0,PF,23.0,NOH,10.1,13.3,-0.3,-3.6,166.0,12.0,126.0,1
Malcolm Thomas,2012.0,15.0,3.0,5.0,PF,23.0,SAS,7.1,11.8,0.0,-2.1,1.0,1.0,3.0,0
Trey Thompkins,2012.0,119.0,24.0,4.958333333333333,C,21.0,LAC,12.0,27.2,-0.2,-8.9,57.0,3.0,24.0,0
Klay Thompson,2012.0,1608.0,66.0,24.363636363636363,SG,21.0,GSW,14.9,24.7,0.1,-1.9,826.0,133.0,161.0,1
Mychel Thompson,2012.0,95.0,5.0,19.0,SG,23.0,CLE,2.2,13.7,-0.2,-8.3,18.0,7.0,5.0,1
Tristan Thompson,2012.0,1424.0,60.0,23.733333333333334,PF,20.0,CLE,13.3,19.2,-0.8,-4.2,494.0,27.0,389.0,1
Jeremy Tyler,2012.0,568.0,42.0,13.523809523809524,C,20.0,GSW,10.4,21.8,-0.7,-7.0,205.0,16.0,140.0,0
Edwin Ubiles,2012.0,52.0,4.0,13.0,SF,25.0,WAS,7.3,17.5,-0.1,-8.8,14.0,1.0,10.0,0
Jan Vesely,2012.0,1078.0,57.0,18.912280701754387,PF,21.0,WAS,11.5,12.7,0.5,-0.2,267.0,47.0,249.0,1
Nikola Vucevic,2012.0,812.0,51.0,15.92156862745098,C,21.0,PHI,14.3,19.6,0.0,-2.1,283.0,31.0,246.0,1
Kemba Walker,2012.0,1792.0,66.0,27.151515151515152,PG,21.0,CHA,14.9,25.2,0.3,-1.2,799.0,289.0,234.0,1
Derrick Williams,2012.0,1418.0,66.0,21.484848484848484,PF,20.0,MIN,12.9,20.7,-0.4,-3.1,583.0,38.0,311.0,1
Elliot Williams,2012.0,149.0,24.0,6.208333333333333,SG,22.0,POR,18.8,26.7,0.0,-1.4,88.0,6.0,19.0,1
Jordan Williams,2012.0,635.0,43.0,14.767441860465116,C,21.0,NJN,14.5,14.7,-0.2,-3.1,197.0,11.0,156.0,0
Chris Wright,2012.0,186.0,24.0,7.75,SF,23.0,GSW,18.6,16.5,0.1,-0.6,70.0,4.0,45.0,1
Quincy Acy,2013.0,342.0,29.0,11.793103448275861,PF,22.0,TOR,15.9,14.7,0.2,0.7,116.0,11.0,77.0,0
Josh Akognon,2013.0,9.0,3.0,3.0,PG,26.0,DAL,15.3,20.3,0.0,-0.2,5.0,1.0,1.0,0
Harrison Barnes,2013.0,2058.0,81.0,25.40740740740741,SF,20.0,GSW,11.0,17.7,-0.2,-2.4,748.0,98.0,333.0,1
Will Barton,2013.0,894.0,73.0,12.246575342465754,SG,22.0,POR,9.1,20.4,-0.8,-5.7,295.0,58.0,145.0,1
Aron Baynes,2013.0,141.0,16.0,8.8125,C,26.0,SAS,8.8,17.1,-0.1,-4.3,43.0,5.0,32.0,1
Kent Bazemore,2013.0,267.0,61.0,4.377049180327869,SG,23.0,GSW,11.3,25.7,-0.2,-4.9,123.0,22.0,22.0,0
Bradley Beal,2013.0,1745.0,56.0,31.160714285714285,SG,19.0,WAS,13.6,22.2,0.9,-0.1,780.0,137.0,211.0,1
Patrick Beverley,2013.0,713.0,41.0,17.390243902439025,PG,24.0,HOU,15.4,15.4,1.0,3.4,228.0,117.0,109.0,1
Victor Claver,2013.0,812.0,49.0,16.571428571428573,SF,24.0,POR,7.0,13.9,-0.3,-3.3,187.0,43.0,119.0,1
Chris Copeland,2013.0,862.0,56.0,15.392857142857142,PF,28.0,NYK,16.8,25.3,-0.1,-2.2,486.0,27.0,119.0,1
Jae Crowder,2013.0,1353.0,78.0,17.346153846153847,SF,22.0,DAL,10.2,15.1,0.5,-0.5,392.0,94.0,187.0,1
Jared Cunningham,2013.0,26.0,8.0,3.25,SG,21.0,DAL,14.8,29.6,0.0,-6.3,16.0,1.0,3.0,0
Anthony Davis,2013.0,1846.0,64.0,28.84375,PF,19.0,NOH,21.7,21.8,2.0,2.3,867.0,63.0,522.0,1
Nando De,2013.0,920.0,72.0,12.777777777777779,SG,25.0,SAS,11.1,17.1,0.2,-1.0,276.0,138.0,138.0,0
Andre Drummond,2013.0,1243.0,60.0,20.716666666666665,C,19.0,DET,21.6,17.2,1.4,2.4,476.0,30.0,457.0,1
Kim English,2013.0,407.0,41.0,9.926829268292684,SG,24.0,DET,7.9,16.1,-0.2,-4.2,119.0,26.0,37.0,0
Festus Ezeli,2013.0,1120.0,78.0,14.35897435897436,C,23.0,GSW,9.3,10.7,0.2,-1.4,191.0,22.0,313.0,1
Evan Fournier,2013.0,428.0,38.0,11.263157894736842,SG,20.0,DEN,13.8,20.4,0.1,-0.9,202.0,44.0,35.0,1
Joel Freeland,2013.0,477.0,51.0,9.352941176470589,PF,25.0,POR,9.3,16.6,-0.5,-6.2,134.0,13.0,119.0,0
Diante Garrett,2013.0,149.0,19.0,7.842105263157895,PG,24.0,PHO,9.0,20.7,-0.2,-6.2,40.0,31.0,15.0,0
Draymond Green,2013.0,1061.0,79.0,13.430379746835444,SF,22.0,GSW,7.1,14.0,-0.3,-3.1,227.0,53.0,260.0,1
Ben Hansbrough,2013.0,200.0,28.0,7.142857142857143,PG,25.0,IND,7.2,17.1,-0.1,-4.4,57.0,21.0,18.0,0
Maurice Harkless,2013.0,1974.0,76.0,25.973684210526315,SF,19.0,ORL,12.5,15.9,0.5,-1.0,625.0,50.0,335.0,1
John Henson,2013.0,827.0,63.0,13.126984126984127,PF,22.0,MIL,18.2,22.6,-0.2,-2.9,380.0,31.0,297.0,1
Justin Holiday,2013.0,142.0,9.0,15.777777777777779,SG,23.0,PHI,7.6,19.6,-0.2,-6.7,42.0,15.0,14.0,1
Bernard James,2013.0,457.0,46.0,9.934782608695652,C,27.0,DAL,14.7,13.9,0.1,-1.2,131.0,6.0,131.0,0
John Jenkins,2013.0,902.0,61.0,14.78688524590164,SG,21.0,ATL,13.0,18.7,-0.2,-2.8,374.0,56.0,94.0,0
Orlando Johnson,2013.0,619.0,51.0,12.137254901960784,SG,23.0,IND,11.4,16.4,0.1,-1.2,203.0,47.0,110.0,0
Darius Johnson-Odom,2013.0,6.0,4.0,1.5,SG,23.0,LAL,-6.7,29.7,0.0,-17.6,0.0,1.0,4.0,0
DeQuan Jones,2013.0,803.0,63.0,12.746031746031745,SF,22.0,ORL,8.4,15.3,-0.8,-6.1,233.0,16.0,105.0,0
Kevin Jones,2013.0,334.0,32.0,10.4375,PF,23.0,CLE,11.1,16.2,-0.3,-5.2,95.0,10.0,78.0,0
Perry Jones,2013.0,280.0,38.0,7.368421052631579,SF,21.0,OKC,7.8,19.6,-0.5,-8.6,88.0,10.0,62.0,0
Terrence Jones,2013.0,276.0,19.0,14.526315789473685,PF,21.0,HOU,17.1,18.1,0.3,2.1,104.0,15.0,65.0,1
Kris Joseph,2013.0,54.0,10.0,5.4,SF,24.0,TOT,0.6,17.0,-0.1,-10.5,9.0,1.0,7.0,0
Kris Joseph,2013.0,24.0,6.0,4.0,SF,24.0,BOS,-3.2,29.1,-0.1,-19.2,7.0,1.0,5.0,0
Kris Joseph,2013.0,30.0,4.0,7.5,SF,24.0,BRK,3.7,7.3,0.0,-3.5,2.0,0.0,2.0,0
Michael Kidd-Gilchrist,2013.0,2025.0,78.0,25.96153846153846,SF,19.0,CHA,14.0,17.9,-0.1,-2.2,704.0,117.0,455.0,1
Viacheslav Kravtsov,2013.0,224.0,25.0,8.96,C,25.0,DET,14.4,15.5,0.1,-0.9,77.0,9.0,45.0,0
Doron Lamb,2013.0,577.0,47.0,12.27659574468085,SG,21.0,TOT,4.8,15.7,-0.8,-7.5,154.0,32.0,46.0,0
Doron Lamb,2013.0,280.0,23.0,12.173913043478262,SG,21.0,MIL,3.0,18.3,-0.5,-9.3,78.0,20.0,17.0,0
Doron Lamb,2013.0,297.0,24.0,12.375,SG,21.0,ORL,6.5,13.2,-0.3,-5.8,76.0,12.0,29.0,0
Jeremy Lamb,2013.0,147.0,23.0,6.391304347826087,SF,20.0,OKC,11.2,24.8,-0.2,-7.1,71.0,5.0,18.0,1
Meyers Leonard,2013.0,1206.0,69.0,17.47826086956522,C,20.0,POR,12.1,13.9,-0.2,-2.6,377.0,33.0,255.0,1
Damian Lillard,2013.0,3167.0,82.0,38.6219512195122,PG,22.0,POR,16.4,24.2,1.9,0.3,1562.0,531.0,257.0,1
Scott Machado,2013.0,21.0,6.0,3.5,PG,22.0,HOU,6.0,31.0,-0.1,-15.1,8.0,6.0,1.0,0
Kendall Marshall,2013.0,702.0,48.0,14.625,PG,21.0,PHO,7.8,13.6,-0.9,-7.3,143.0,143.0,42.0,1
Fab Melo,2013.0,36.0,6.0,6.0,C,22.0,BOS,4.9,11.5,0.0,-5.8,7.0,0.0,3.0,0
Khris Middleton,2013.0,475.0,27.0,17.59259259259259,SG,21.0,DET,11.4,15.9,0.0,-2.3,165.0,28.0,50.0,1
Darius Miller,2013.0,694.0,52.0,13.346153846153847,SF,22.0,NOH,6.3,9.0,0.0,-2.2,118.0,44.0,78.0,1
Quincy Miller,2013.0,26.0,7.0,3.7142857142857144,PF,20.0,DEN,5.9,23.1,0.0,-8.4,9.0,3.0,2.0,1
Donatas Motiejunas,2013.0,538.0,44.0,12.227272727272727,PF,22.0,HOU,12.2,22.1,-0.1,-2.9,250.0,31.0,93.0,1
Arnett Moultrie,2013.0,542.0,47.0,11.53191489361702,PF,22.0,PHI,16.7,14.1,0.0,-1.7,174.0,10.0,145.0,1
Kevin Murphy,2013.0,52.0,17.0,3.0588235294117645,SG,22.0,UTA,-4.5,27.1,-0.2,-17.6,15.0,2.0,4.0,0
Andrew Nicholson,2013.0,1249.0,75.0,16.653333333333332,PF,23.0,ORL,15.1,22.1,-0.8,-4.4,587.0,44.0,258.0,1
Kyle O'Quinn,2013.0,638.0,57.0,11.192982456140351,C,22.0,ORL,15.8,18.1,0.2,-0.9,232.0,52.0,209.0,1
Tim Ohlbrecht,2013.0,12.0,3.0,4.0,C,24.0,HOU,-6.1,27.1,0.0,-15.8,3.0,1.0,1.0,0
Miles Plumlee,2013.0,55.0,14.0,3.9285714285714284,C,24.0,IND,8.8,21.4,-0.1,-7.8,13.0,2.0,22.0,1
Pablo Prigioni,2013.0,1263.0,78.0,16.192307692307693,PG,35.0,NYK,13.0,11.7,0.8,0.6,275.0,236.0,143.0,1
Austin Rivers,2013.0,1418.0,61.0,23.24590163934426,SG,20.0,NOH,5.9,16.8,-1.3,-5.6,377.0,127.0,109.0,1
Brian Roberts,2013.0,1324.0,78.0,16.974358974358974,PG,27.0,NOH,14.6,21.6,-0.2,-2.5,555.0,219.0,97.0,1
Thomas Robinson,2013.0,1056.0,70.0,15.085714285714285,PF,21.0,TOT,10.9,19.1,-0.7,-4.5,333.0,46.0,315.0,1
Thomas Robinson,2013.0,809.0,51.0,15.862745098039216,PF,21.0,SAC,10.6,18.6,-0.6,-4.8,247.0,36.0,238.0,1
Thomas Robinson,2013.0,247.0,19.0,13.0,PF,21.0,HOU,12.0,20.8,-0.1,-3.4,86.0,10.0,77.0,1
Terrence Ross,2013.0,1239.0,73.0,16.972602739726028,SG,21.0,TOR,10.4,19.6,-0.3,-2.9,467.0,53.0,144.0,1
Robert Sacre,2013.0,203.0,32.0,6.34375,C,23.0,LAL,3.4,13.8,-0.3,-7.5,43.0,6.0,34.0,1
Mike Scott,2013.0,376.0,40.0,9.4,PF,24.0,ATL,16.3,23.7,-0.4,-6.4,183.0,12.0,110.0,1
Tornike Shengelia,2013.0,93.0,19.0,4.894736842105263,SF,21.0,BRK,8.5,20.3,-0.1,-6.4,30.0,3.0,23.0,0
Alexey Shved,2013.0,1840.0,77.0,23.896103896103895,SG,24.0,MIN,11.0,20.6,-0.1,-2.1,665.0,286.0,175.0,1
Henry Sims,2013.0,5.0,2.0,2.5,C,22.0,NOH,29.2,37.2,0.0,-9.1,4.0,0.0,2.0,1
Kyle Singler,2013.0,2293.0,82.0,27.963414634146343,SF,24.0,DET,10.0,15.8,0.1,-1.9,720.0,77.0,330.0,1
Jared Sullinger,2013.0,892.0,45.0,19.822222222222223,PF,20.0,BOS,13.5,14.9,0.3,-0.6,270.0,35.0,264.0,1
Jeffery Taylor,2013.0,1507.0,77.0,19.571428571428573,SF,23.0,CHA,10.3,14.9,-0.5,-3.3,472.0,63.0,150.0,1
Tyshawn Taylor,2013.0,221.0,38.0,5.815789473684211,PG,22.0,BRK,6.2,25.8,-0.3,-7.7,85.0,21.0,18.0,0
Marquis Teague,2013.0,392.0,48.0,8.166666666666666,PG,19.0,CHI,6.0,18.2,-0.5,-7.3,99.0,63.0,44.0,0
Mirza Teletovic,2013.0,499.0,53.0,9.415094339622641,PF,27.0,BRK,12.3,19.4,0.1,-1.1,188.0,23.0,95.0,1
Jonas Valanciunas,2013.0,1482.0,62.0,23.903225806451612,C,20.0,TOR,15.6,16.9,0.6,-0.4,554.0,45.0,372.0,1
Jarvis Varnado,2013.0,58.0,13.0,4.461538461538462,PF,24.0,TOT,1.2,12.1,-0.1,-6.9,8.0,3.0,9.0,0
Jarvis Varnado,2013.0,18.0,5.0,3.6,PF,24.0,BOS,12.8,17.8,0.0,-3.7,6.0,1.0,3.0,0
Jarvis Varnado,2013.0,40.0,8.0,5.0,PF,24.0,MIA,-4.1,9.6,-0.1,-8.3,2.0,2.0,6.0,0
Dion Waiters,2013.0,1756.0,61.0,28.78688524590164,SG,21.0,CLE,13.7,26.1,-0.5,-3.2,894.0,183.0,149.0,1
Maalik Wayns,2013.0,202.0,27.0,7.481481481481482,PG,21.0,TOT,5.0,25.4,-0.4,-10.7,76.0,27.0,7.0,0
Maalik Wayns,2013.0,165.0,21.0,7.857142857142857,PG,21.0,PHI,1.8,25.6,-0.5,-13.3,56.0,20.0,5.0,0
Maalik Wayns,2013.0,37.0,6.0,6.166666666666667,PG,21.0,LAC,19.5,24.4,0.0,0.9,20.0,7.0,2.0,0
Tony Wroten,2013.0,272.0,35.0,7.771428571428571,SG,19.0,MEM,9.3,21.7,-0.2,-4.2,91.0,43.0,28.0,1
Luke Zeller,2013.0,58.0,16.0,3.625,C,25.0,PHO,5.6,19.9,-0.1,-10.4,19.0,3.0,10.0,0
Tyler Zeller,2013.0,2033.0,77.0,26.4025974025974,C,23.0,CLE,11.0,15.9,-0.1,-2.3,610.0,96.0,438.0,1
Steven Adams,2014.0,1197.0,81.0,14.777777777777779,C,20.0,OKC,11.2,11.7,0.7,0.3,265.0,43.0,332.0,1
Giannis Antetokounmpo,2014.0,1897.0,77.0,24.636363636363637,SF,19.0,MIL,10.8,15.0,0.1,-1.8,525.0,150.0,339.0,1
Pero Antic,2014.0,925.0,50.0,18.5,C,31.0,ATL,11.7,18.6,0.1,-1.4,352.0,58.0,209.0,1
Chris Babb,2014.0,132.0,14.0,9.428571428571429,SG,23.0,BOS,3.7,11.1,-0.1,-4.4,22.0,3.0,17.0,0
Anthony Bennett,2014.0,663.0,52.0,12.75,PF,20.0,CLE,6.9,20.3,-0.9,-7.3,217.0,17.0,155.0,1
Vander Blue,2014.0,15.0,3.0,5.0,SG,21.0,BOS,0.5,24.3,0.0,-13.9,5.0,1.0,3.0,1
Lorenzo Brown,2014.0,224.0,26.0,8.615384615384615,PG,23.0,PHI,8.2,20.4,-0.3,-6.8,64.0,41.0,28.0,1
Reggie Bullock,2014.0,395.0,43.0,9.186046511627907,SF,22.0,LAC,6.7,15.4,-0.3,-4.7,115.0,12.0,54.0,0
Trey Burke,2014.0,2262.0,70.0,32.31428571428572,PG,21.0,UTA,12.6,21.8,-0.3,-2.5,895.0,396.0,208.0,1
Dwight Buycks,2014.0,146.0,14.0,10.428571428571429,PG,24.0,TOR,7.2,19.3,-0.1,-4.5,43.0,10.0,23.0,1
Nick Calathes,2014.0,1173.0,71.0,16.52112676056338,SG,24.0,MEM,12.3,17.5,0.3,-1.1,347.0,207.0,137.0,1
Kentavious Caldwell-Pope,2014.0,1583.0,80.0,19.7875,SG,20.0,DET,9.4,13.9,0.0,-2.1,470.0,55.0,156.0,1
Isaiah Canaan,2014.0,252.0,22.0,11.454545454545455,PG,22.0,HOU,9.5,21.0,-0.1,-3.4,101.0,22.0,24.0,1
Michael Carter-Williams,2014.0,2414.0,70.0,34.48571428571429,PG,22.0,PHI,15.5,25.7,1.1,-0.2,1167.0,441.0,437.0,1
Dionte Christmas,2014.0,198.0,31.0,6.387096774193548,SF,27.0,PHO,11.1,17.4,-0.1,-3.6,71.0,8.0,38.0,0
Ian Clark,2014.0,172.0,23.0,7.478260869565218,SG,22.0,UTA,9.2,22.4,-0.1,-4.7,68.0,15.0,19.0,0
Robert Covington,2014.0,34.0,7.0,4.857142857142857,SF,23.0,HOU,15.0,19.3,0.0,-3.6,16.0,0.0,5.0,1
Allen Crabbe,2014.0,100.0,15.0,6.666666666666667,SG,21.0,POR,7.7,16.5,-0.1,-4.7,33.0,6.0,9.0,1
Seth Curry,2014.0,13.0,2.0,6.5,PG,23.0,TOT,13.8,10.3,0.0,1.1,3.0,0.0,1.0,0
Seth Curry,2014.0,4.0,1.0,4.0,PG,23.0,MEM,0.0,0.0,0.0,-5.2,0.0,0.0,0.0,0
Seth Curry,2014.0,9.0,1.0,9.0,PG,23.0,CLE,19.9,14.9,0.0,3.9,3.0,0.0,1.0,0
Troy Daniels,2014.0,75.0,5.0,15.0,SG,22.0,HOU,16.0,19.9,0.0,-1.2,42.0,5.0,4.0,1
Luigi Datome,2014.0,238.0,34.0,7.0,SF,26.0,DET,8.0,20.2,-0.3,-7.0,83.0,11.0,46.0,0
Brandon Davies,2014.0,575.0,51.0,11.27450980392157,PF,22.0,PHI,7.5,13.7,-0.6,-5.9,144.0,28.0,109.0,1
Dewayne Dedmon,2014.0,390.0,31.0,12.580645161290322,C,24.0,TOT,10.7,13.1,-0.4,-6.0,97.0,5.0,127.0,0
Dewayne Dedmon,2014.0,6.0,4.0,1.5,C,24.0,GSW,-5.1,13.8,0.0,-13.3,1.0,0.0,0.0,0
Dewayne Dedmon,2014.0,150.0,11.0,13.636363636363637,C,24.0,PHI,8.7,12.3,-0.2,-7.9,37.0,3.0,49.0,0
Dewayne Dedmon,2014.0,234.0,16.0,14.625,C,24.0,ORL,12.5,13.5,-0.2,-4.6,59.0,2.0,78.0,0
Matthew Dellavedova,2014.0,1271.0,72.0,17.65277777777778,SG,23.0,CLE,10.7,13.2,0.0,-2.1,339.0,187.0,123.0,1
Gorgui Dieng,2014.0,818.0,60.0,13.633333333333333,C,24.0,MIN,16.5,16.8,0.5,0.7,286.0,39.0,300.0,1
Shane Edwards,2014.0,12.0,2.0,6.0,SF,26.0,CLE,-1.0,14.9,0.0,-15.2,2.0,0.0,2.0,0
Vitor Faverani,2014.0,488.0,37.0,13.18918918918919,C,25.0,BOS,11.0,18.6,-0.1,-3.1,164.0,16.0,128.0,0
Carrick Felix,2014.0,38.0,7.0,5.428571428571429,SG,23.0,CLE,13.3,23.2,0.0,-4.7,19.0,4.0,6.0,0
Jamaal Franklin,2014.0,161.0,21.0,7.666666666666667,SG,22.0,MEM,4.7,14.6,-0.1,-5.4,39.0,6.0,23.0,0
Rudy Gobert,2014.0,434.0,45.0,9.644444444444444,C,21.0,UTA,12.9,14.2,-0.3,-4.3,104.0,7.0,155.0,1
Archie Goodwin,2014.0,533.0,52.0,10.25,SG,19.0,PHO,10.3,19.4,-0.3,-4.3,194.0,20.0,87.0,1
Jorge Gutierrez,2014.0,244.0,15.0,16.266666666666666,PG,25.0,BRK,8.7,14.1,-0.1,-3.4,62.0,30.0,22.0,1
Justin Hamilton,2014.0,72.0,8.0,9.0,C,23.0,TOT,11.9,17.4,0.0,-4.0,26.0,0.0,7.0,0
Justin Hamilton,2014.0,4.0,1.0,4.0,C,23.0,CHA,0.0,11.5,0.0,-0.1,0.0,0.0,0.0,0
Justin Hamilton,2014.0,68.0,7.0,9.714285714285714,C,23.0,MIA,12.6,17.7,0.0,-4.2,26.0,0.0,7.0,0
Elias Harris,2014.0,11.0,2.0,5.5,SF,24.0,LAL,7.6,4.0,0.0,-0.9,0.0,1.0,1.0,0
Solomon Hill,2014.0,226.0,28.0,8.071428571428571,SF,22.0,IND,7.6,11.3,0.0,-2.3,47.0,12.0,41.0,1
Scotty Hopson,2014.0,7.0,2.0,3.5,SG,24.0,CLE,-6.5,31.1,0.0,-17.2,1.0,1.0,0.0,0
Robbie Hummel,2014.0,655.0,53.0,12.358490566037736,SF,24.0,MIN,9.6,12.6,0.0,-2.1,181.0,23.0,132.0,1
Sergey Karasev,2014.0,156.0,22.0,7.090909090909091,SF,20.0,CLE,2.3,14.4,-0.2,-7.5,37.0,6.0,16.0,1
Ryan Kelly,2014.0,1312.0,59.0,22.23728813559322,PF,22.0,LAL,12.6,15.9,0.6,-0.2,472.0,95.0,219.0,1
Ognjen Kuzmic,2014.0,92.0,21.0,4.380952380952381,C,23.0,GSW,3.4,13.3,-0.1,-5.2,15.0,2.0,21.0,0
Shane Larkin,2014.0,489.0,48.0,10.1875,PG,21.0,DAL,8.3,17.4,-0.3,-4.7,132.0,71.0,42.0,1
Ricky Ledo,2014.0,33.0,11.0,3.0,SG,21.0,DAL,12.7,28.6,0.0,-7.2,19.0,2.0,2.0,0
Alex Len,2014.0,362.0,42.0,8.619047619047619,C,20.0,PHO,7.3,14.3,-0.4,-5.9,86.0,4.0,99.0,1
Ray McCallum,2014.0,897.0,45.0,19.933333333333334,PG,22.0,SAC,9.7,17.6,-0.5,-4.1,280.0,120.0,79.0,1
C.J. McCollum,2014.0,476.0,38.0,12.526315789473685,SG,22.0,POR,9.0,20.9,-0.3,-4.1,201.0,27.0,48.0,1
Ben McLemore,2014.0,2187.0,82.0,26.670731707317074,SG,20.0,SAC,7.7,16.9,-0.6,-3.2,720.0,82.0,235.0,1
Gal Mekel,2014.0,292.0,31.0,9.419354838709678,PG,25.0,DAL,5.4,19.0,-0.5,-9.2,73.0,63.0,27.0,0
Tony Mitchell,2014.0,10.0,3.0,3.3333333333333335,SF,24.0,MIL,30.9,22.6,0.0,6.5,6.0,1.0,1.0,0
Tony Mitchell,2014.0,79.0,21.0,3.761904761904762,PF,21.0,DET,18.1,13.2,0.1,1.3,22.0,2.0,26.0,0
Shabazz Muhammad,2014.0,290.0,37.0,7.837837837837838,SG,21.0,MIN,13.1,23.1,-0.3,-6.2,143.0,6.0,53.0,1
Erik Murphy,2014.0,62.0,24.0,2.5833333333333335,C,23.0,CHI,0.2,11.2,-0.1,-8.1,6.0,2.0,8.0,0
Toure' Murry,2014.0,373.0,51.0,7.313725490196078,PG,24.0,NYK,11.1,22.5,-0.3,-4.9,140.0,49.0,44.0,0
Mike Muscala,2014.0,215.0,20.0,10.75,PF,22.0,ATL,10.8,19.3,-0.2,-6.0,76.0,7.0,52.0,0
Nemanja Nedovic,2014.0,142.0,24.0,5.916666666666667,SG,22.0,GSW,-1.7,17.2,-0.3,-10.6,26.0,13.0,15.0,0
James Nunnally,2014.0,165.0,13.0,12.692307692307692,SF,23.0,TOT,6.1,15.1,-0.2,-7.0,44.0,8.0,19.0,0
James Nunnally,2014.0,54.0,4.0,13.5,SF,23.0,ATL,6.2,20.0,-0.1,-8.1,18.0,2.0,8.0,0
James Nunnally,2014.0,111.0,9.0,12.333333333333334,SF,23.0,PHI,6.1,12.7,-0.1,-6.4,26.0,6.0,11.0,0
Victor Oladipo,2014.0,2487.0,80.0,31.0875,PG,21.0,ORL,13.6,24.4,0.8,-0.8,1106.0,327.0,329.0,1
Kelly Olynyk,2014.0,1400.0,70.0,20.0,C,22.0,BOS,15.2,21.0,0.9,0.5,607.0,109.0,365.0,1
Arinze Onuaku,2014.0,30.0,5.0,6.0,PF,26.0,TOT,3.8,10.4,0.0,-8.4,3.0,3.0,8.0,0
Arinze Onuaku,2014.0,25.0,3.0,8.333333333333334,PF,26.0,NOP,5.6,10.7,0.0,-6.4,3.0,3.0,7.0,0
Arinze Onuaku,2014.0,5.0,2.0,2.5,PF,26.0,CLE,-5.3,8.9,0.0,-18.2,0.0,0.0,1.0,0
Mason Plumlee,2014.0,1275.0,70.0,18.214285714285715,C,23.0,BRK,19.0,17.1,1.4,2.4,520.0,60.0,308.0,1
Otto Porter,2014.0,319.0,37.0,8.621621621621621,SF,20.0,WAS,6.0,15.6,-0.4,-6.8,78.0,10.0,57.0,1
Phil Pressey,2014.0,1132.0,75.0,15.093333333333334,PG,22.0,BOS,8.8,14.1,-0.7,-4.4,213.0,241.0,105.0,1
Miroslav Raduljica,2014.0,465.0,48.0,9.6875,C,26.0,MIL,15.3,17.3,0.0,-2.3,181.0,23.0,108.0,0
Andre Roberson,2014.0,399.0,40.0,9.975,SG,22.0,OKC,9.0,10.1,0.2,-0.3,75.0,15.0,94.0,1
Dennis Schroder,2014.0,641.0,49.0,13.081632653061224,PG,20.0,ATL,5.8,19.0,-1.0,-8.3,183.0,93.0,60.0,1
Peyton Siva,2014.0,224.0,24.0,9.333333333333334,SG,23.0,DET,5.7,15.6,-0.3,-7.3,54.0,34.0,14.0,0
Tony Snell,2014.0,1231.0,77.0,15.987012987012987,SG,22.0,CHI,8.0,14.9,-0.3,-3.0,346.0,68.0,124.0,1
James Southerland,2014.0,30.0,4.0,7.5,SF,23.0,TOT,11.8,25.6,-0.1,-13.3,14.0,0.0,8.0,0
James Southerland,2014.0,3.0,1.0,3.0,SF,23.0,CHA,-40.6,46.2,0.0,-46.4,0.0,0.0,0.0,0
James Southerland,2014.0,27.0,3.0,9.0,SF,23.0,NOP,17.7,23.4,-0.1,-9.6,14.0,0.0,8.0,0
D.J. Stephens,2014.0,15.0,3.0,5.0,SG,23.0,MIL,16.1,22.4,-0.1,-17.7,7.0,0.0,5.0,0
Adonis Thomas,2014.0,37.0,6.0,6.166666666666667,SF,20.0,TOT,7.3,18.5,-0.1,-9.7,14.0,3.0,3.0,0
Adonis Thomas,2014.0,24.0,4.0,6.0,SF,20.0,ORL,5.8,17.9,0.0,-9.1,7.0,2.0,3.0,0
Adonis Thomas,2014.0,13.0,2.0,6.5,SF,20.0,PHI,10.1,19.5,0.0,-10.7,7.0,1.0,0.0,0
Hollis Thompson,2014.0,1742.0,77.0,22.623376623376622,SF,22.0,PHI,9.5,11.3,-0.4,-3.0,461.0,73.0,247.0,1
Casper Ware,2014.0,116.0,9.0,12.88888888888889,PG,24.0,PHI,13.0,18.1,0.0,-3.6,48.0,10.0,9.0,0
Royce White,2014.0,9.0,3.0,3.0,PF,22.0,SAC,-8.3,4.9,0.0,-10.4,0.0,0.0,0.0,0
Jeff Withey,2014.0,684.0,58.0,11.793103448275861,C,23.0,NOP,15.2,12.0,0.4,0.3,190.0,26.0,150.0,0
Nate Wolters,2014.0,1309.0,58.0,22.56896551724138,PG,22.0,MIL,12.7,16.8,-0.5,-3.4,417.0,187.0,149.0,1
Cody Zeller,2014.0,1416.0,82.0,17.26829268292683,C,21.0,CHA,13.1,18.9,0.2,-1.3,490.0,92.0,353.0,1
Jordan Adams,2015.0,248.0,30.0,8.266666666666667,SG,20.0,MEM,12.8,20.4,0.1,-0.6,94.0,16.0,28.0,0
Furkan Aldemir,2015.0,540.0,41.0,13.170731707317072,PF,23.0,PHI,12.0,8.6,0.2,-0.7,93.0,28.0,176.0,0
Kyle Anderson,2015.0,358.0,33.0,10.848484848484848,SF,21.0,SAS,8.2,13.4,-0.1,-2.7,74.0,28.0,72.0,1
Cameron Bairstow,2015.0,64.0,18.0,3.5555555555555554,PF,24.0,CHI,2.1,13.5,-0.1,-7.7,10.0,1.0,8.0,0
Jerrelle Benimon,2015.0,3.0,2.0,1.5,PF,23.0,UTA,4.7,15.3,0.0,-26.9,0.0,0.0,3.0,0
Sim Bhullar,2015.0,3.0,3.0,1.0,C,22.0,SAC,44.3,29.4,0.0,26.6,2.0,1.0,1.0,0
Tarik Black,2015.0,1196.0,63.0,18.984126984126984,C,23.0,TOT,14.7,13.8,0.1,-1.6,379.0,42.0,368.0,1
Tarik Black,2015.0,393.0,25.0,15.72,C,23.0,HOU,11.6,12.7,-0.2,-3.7,105.0,8.0,127.0,1
Tarik Black,2015.0,803.0,38.0,21.13157894736842,C,23.0,LAL,16.3,14.3,0.3,-0.5,274.0,34.0,241.0,1
Bojan Bogdanovic,2015.0,1854.0,78.0,23.76923076923077,SF,25.0,BRK,11.6,17.2,0.1,-1.8,700.0,68.0,213.0,1
Jabari Brown,2015.0,568.0,19.0,29.894736842105264,SG,22.0,LAL,11.0,18.8,-0.3,-3.8,227.0,40.0,36.0,1
Markel Brown,2015.0,781.0,47.0,16.617021276595743,SG,23.0,BRK,9.1,15.3,-0.1,-2.7,216.0,39.0,107.0,1
Bruno Caboclo,2015.0,23.0,8.0,2.875,SF,19.0,TOR,-1.8,31.5,-0.1,-18.9,10.0,0.0,2.0,0
Clint Capela,2015.0,90.0,12.0,7.5,C,20.0,HOU,12.1,21.3,-0.1,-7.8,32.0,2.0,36.0,1
Will Cherry,2015.0,69.0,8.0,8.625,PG,23.0,CLE,5.8,16.8,0.0,-3.7,15.0,8.0,5.0,0
Patrick Christopher,2015.0,29.0,4.0,7.25,SG,26.0,UTA,-2.6,20.6,-0.1,-16.3,6.0,0.0,6.0,0
Jordan Clarkson,2015.0,1476.0,59.0,25.016949152542374,PG,22.0,LAL,16.9,23.0,0.6,-0.3,703.0,206.0,191.0,1
Jack Cooley,2015.0,87.0,16.0,5.4375,PF,23.0,UTA,11.4,18.0,0.0,-4.0,27.0,1.0,25.0,0
Bryce Cotton,2015.0,159.0,15.0,10.6,PG,22.0,UTA,14.5,25.6,-0.1,-4.4,80.0,15.0,18.0,0
Andre Dawkins,2015.0,22.0,4.0,5.5,SG,23.0,MIA,-5.0,15.0,-0.1,-11.5,3.0,1.0,2.0,0
Spencer Dinwiddie,2015.0,455.0,34.0,13.382352941176471,PG,21.0,DET,10.2,21.1,-0.2,-4.2,145.0,104.0,48.0,1
Zoran Dragic,2015.0,75.0,16.0,4.6875,SG,25.0,TOT,8.2,22.9,-0.1,-6.5,28.0,5.0,8.0,0
Zoran Dragic,2015.0,13.0,6.0,2.1666666666666665,SG,25.0,PHO,9.1,31.5,0.0,-7.3,6.0,1.0,3.0,0
Zoran Dragic,2015.0,62.0,10.0,6.2,SG,25.0,MIA,8.0,21.1,-0.1,-6.3,22.0,4.0,5.0,0
Cleanthony Early,2015.0,647.0,39.0,16.58974358974359,SF,23.0,NYK,8.4,19.6,-0.5,-5.2,210.0,36.0,97.0,1
James Ennis,2015.0,1051.0,62.0,16.951612903225808,SF,24.0,MIA,11.5,14.6,0.1,-1.5,312.0,48.0,176.0,1
Tyler Ennis,2015.0,411.0,33.0,12.454545454545455,PG,20.0,TOT,7.3,20.6,-0.5,-6.7,121.0,73.0,35.0,0
Tyler Ennis,2015.0,58.0,8.0,7.25,PG,20.0,PHO,12.0,22.6,-0.1,-6.8,22.0,14.0,7.0,0
Tyler Ennis,2015.0,353.0,25.0,14.12,PG,20.0,MIL,6.6,20.3,-0.4,-6.6,99.0,59.0,28.0,0
Dante Exum,2015.0,1817.0,82.0,22.158536585365855,PG,19.0,UTA,5.7,13.8,-0.8,-3.8,393.0,198.0,131.0,1
Tim Frazier,2015.0,239.0,11.0,21.727272727272727,PG,24.0,TOT,8.1,17.5,-0.3,-7.3,57.0,60.0,28.0,1
Tim Frazier,2015.0,171.0,6.0,28.5,PG,24.0,PHI,5.9,17.2,-0.3,-9.3,34.0,43.0,19.0,1
Tim Frazier,2015.0,68.0,5.0,13.6,PG,24.0,POR,13.7,18.2,0.0,-2.1,23.0,17.0,9.0,1
Langston Galloway,2015.0,1457.0,45.0,32.37777777777778,PG,23.0,NYK,12.3,19.2,0.3,-1.1,533.0,150.0,190.0,1
Aaron Gordon,2015.0,797.0,47.0,16.95744680851064,PF,19.0,ORL,11.4,15.5,-0.2,-2.8,243.0,33.0,169.0,1
Drew Gordon,2015.0,71.0,9.0,7.888888888888889,PF,24.0,PHI,3.7,17.1,-0.2,-11.3,17.0,2.0,18.0,0
Jerami Grant,2015.0,1377.0,65.0,21.184615384615384,SF,20.0,PHI,8.7,16.5,-0.5,-3.3,411.0,79.0,198.0,1
Erick Green,2015.0,410.0,43.0,9.534883720930232,PG,23.0,DEN,8.9,19.1,-0.3,-5.4,146.0,39.0,31.0,0
JaMychal Green,2015.0,164.0,24.0,6.833333333333333,PF,24.0,TOT,14.9,18.3,0.0,-2.1,62.0,4.0,45.0,0
JaMychal Green,2015.0,25.0,4.0,6.25,PF,24.0,SAS,9.9,16.4,0.0,-6.2,8.0,0.0,6.0,0
JaMychal Green,2015.0,139.0,20.0,6.95,PF,24.0,MEM,15.8,18.6,0.0,-1.3,54.0,4.0,39.0,0
P.J. Hairston,2015.0,687.0,45.0,15.266666666666667,SG,22.0,CHO,9.0,20.4,-0.3,-3.5,254.0,21.0,92.0,1
Gary Harris,2015.0,719.0,55.0,13.072727272727272,SG,20.0,DEN,4.9,16.6,-0.4,-4.3,188.0,29.0,64.0,1
Joe Harris,2015.0,493.0,51.0,9.666666666666666,SG,23.0,CLE,5.6,14.1,-0.3,-4.5,136.0,26.0,41.0,1
Rodney Hood,2015.0,1064.0,50.0,21.28,SG,22.0,UTA,12.3,19.6,0.2,-1.1,433.0,83.0,117.0,1
Joe Ingles,2015.0,1673.0,79.0,21.17721518987342,SF,27.0,UTA,9.6,12.9,0.5,-0.8,396.0,182.0,175.0,1
Cory Jefferson,2015.0,531.0,50.0,10.62,PF,24.0,BRK,13.2,18.1,-0.2,-3.7,183.0,16.0,145.0,0
Grant Jerrett,2015.0,51.0,8.0,6.375,PF,21.0,TOT,1.5,25.4,-0.1,-8.4,16.0,3.0,9.0,0
Grant Jerrett,2015.0,25.0,5.0,5.0,PF,21.0,OKC,-11.0,32.7,-0.1,-16.4,7.0,1.0,4.0,0
Grant Jerrett,2015.0,26.0,3.0,8.666666666666666,PF,21.0,UTA,13.6,18.4,0.0,-0.6,9.0,2.0,5.0,0
Nick Johnson,2015.0,262.0,28.0,9.357142857142858,SG,22.0,HOU,4.8,17.4,-0.3,-7.3,74.0,11.0,39.0,0
Tyler Johnson,2015.0,603.0,32.0,18.84375,SG,22.0,MIA,12.0,17.0,0.1,-1.1,190.0,42.0,81.0,1
Sean Kilpatrick,2015.0,72.0,4.0,18.0,SG,25.0,MIN,10.0,14.6,0.0,-3.8,22.0,4.0,6.0,1
Alex Kirk,2015.0,14.0,5.0,2.8,C,23.0,CLE,8.5,15.7,0.0,-7.4,4.0,1.0,1.0,0
Joffrey Lauvergne,2015.0,268.0,24.0,11.166666666666666,C,23.0,DEN,10.5,19.9,-0.1,-3.6,93.0,13.0,77.0,1
Zach LaVine,2015.0,1902.0,77.0,24.7012987012987,PG,19.0,MIN,11.3,22.0,-1.2,-4.5,778.0,276.0,214.0,1
Kalin Lucas,2015.0,6.0,1.0,6.0,PG,25.0,MEM,-0.7,7.6,0.0,-1.3,0.0,0.0,0.0,0
Devyn Marble,2015.0,208.0,16.0,13.0,SG,22.0,ORL,5.9,13.1,-0.1,-4.5,37.0,17.0,31.0,0
James Michael,2015.0,137.0,15.0,9.133333333333333,PF,22.0,GSW,17.7,19.4,0.0,-1.8,62.0,2.0,37.0,0
K.J. McDaniels,2015.0,1352.0,62.0,21.806451612903224,SG,21.0,TOT,10.6,19.3,-0.2,-2.7,487.0,72.0,200.0,1
K.J. McDaniels,2015.0,1319.0,52.0,25.365384615384617,SG,21.0,PHI,10.8,19.2,-0.2,-2.5,476.0,70.0,195.0,1
K.J. McDaniels,2015.0,33.0,10.0,3.3,SG,21.0,HOU,4.6,22.2,-0.1,-9.7,11.0,2.0,5.0,1
Doug McDermott,2015.0,321.0,36.0,8.916666666666666,SF,23.0,CHI,6.1,18.3,-0.5,-8.0,109.0,6.0,43.0,1
Mitch McGary,2015.0,485.0,32.0,15.15625,PF,22.0,OKC,16.6,19.0,-0.1,-2.4,201.0,14.0,165.0,1
Jerel McNeal,2015.0,36.0,6.0,6.0,PG,27.0,PHO,1.2,20.6,-0.1,-8.5,9.0,2.0,3.0,0
Elijah Millsap,2015.0,924.0,47.0,19.659574468085108,SG,27.0,UTA,7.9,17.0,0.1,-1.6,248.0,58.0,150.0,1
Nikola Mirotic,2015.0,1654.0,82.0,20.170731707317074,PF,23.0,CHI,17.9,22.8,1.3,1.2,833.0,97.0,404.0,1
Eric Moreland,2015.0,2.0,3.0,0.6666666666666666,PF,23.0,SAC,40.8,22.0,0.0,-4.5,2.0,0.0,1.0,0
Shabazz Napier,2015.0,1012.0,51.0,19.84313725490196,PG,23.0,MIA,9.3,15.5,-0.2,-2.6,261.0,130.0,113.0,1
Nerlens Noel,2015.0,2311.0,75.0,30.813333333333333,C,20.0,PHI,15.0,17.0,1.6,0.8,744.0,128.0,611.0,1
Lucas Nogueira,2015.0,23.0,6.0,3.8333333333333335,C,22.0,TOR,5.2,23.1,0.0,-10.3,6.0,1.0,11.0,1
Jusuf Nurkic,2015.0,1103.0,62.0,17.79032258064516,C,20.0,DEN,14.8,20.7,0.4,-0.6,426.0,50.0,382.0,1
Johnny O'Bryant,2015.0,368.0,34.0,10.823529411764707,PF,21.0,MIL,3.8,19.2,-0.7,-9.0,100.0,17.0,64.0,0
Kostas Papanikolaou,2015.0,795.0,43.0,18.488372093023255,SF,24.0,HOU,7.8,14.2,-0.1,-2.3,182.0,85.0,118.0,1
Jabari Parker,2015.0,738.0,25.0,29.52,PF,19.0,MIL,14.5,20.7,0.1,-1.2,308.0,42.0,138.0,1
Adreian Payne,2015.0,739.0,32.0,23.09375,PF,23.0,TOT,7.7,17.0,-0.7,-5.9,213.0,30.0,162.0,1
Adreian Payne,2015.0,19.0,3.0,6.333333333333333,PF,23.0,ATL,2.9,19.0,-0.1,-13.9,5.0,0.0,4.0,1
Adreian Payne,2015.0,720.0,29.0,24.82758620689655,PF,23.0,MIN,7.8,16.9,-0.7,-5.7,208.0,30.0,158.0,1
Elfrid Payton,2015.0,2489.0,82.0,30.353658536585368,PG,20.0,ORL,13.8,18.3,0.8,-0.7,731.0,533.0,349.0,1
Dwight Powell,2015.0,236.0,29.0,8.137931034482758,PF,23.0,TOT,13.8,17.5,0.1,-0.9,90.0,9.0,50.0,0
Dwight Powell,2015.0,9.0,5.0,1.8,PF,23.0,BOS,34.9,38.3,0.0,1.0,9.0,0.0,1.0,0
Dwight Powell,2015.0,227.0,24.0,9.458333333333334,PF,23.0,DAL,13.0,16.6,0.1,-1.0,81.0,9.0,49.0,0
Julius Randle,2015.0,14.0,1.0,14.0,PF,20.0,LAL,-7.5,15.5,-0.1,-16.8,2.0,0.0,0.0,1
Damjan Rudez,2015.0,1047.0,68.0,15.397058823529411,SF,28.0,IND,8.2,13.8,-0.1,-2.5,323.0,53.0,47.0,1
JaKarr Sampson,2015.0,1131.0,74.0,15.283783783783784,SF,21.0,PHI,9.4,17.9,-0.7,-4.4,386.0,77.0,163.0,1
Marcus Smart,2015.0,1808.0,67.0,26.98507462686567,PG,20.0,BOS,11.0,15.1,1.4,1.1,523.0,208.0,222.0,1
Russ Smith,2015.0,65.0,12.0,5.416666666666667,PG,23.0,TOT,5.2,30.1,-0.1,-8.0,30.0,8.0,6.0,0
Russ Smith,2015.0,29.0,6.0,4.833333333333333,PG,23.0,NOP,-16.6,26.7,-0.1,-20.7,5.0,2.0,3.0,0
Russ Smith,2015.0,36.0,6.0,6.0,PG,23.0,MEM,22.7,32.8,0.0,2.2,25.0,6.0,3.0,0
Nik Stauskas,2015.0,1127.0,73.0,15.438356164383562,SG,21.0,SAC,7.5,14.2,-0.5,-3.9,319.0,67.0,88.0,1
David Stockton,2015.0,33.0,3.0,11.0,PG,23.0,SAC,10.8,16.9,-0.1,-8.4,8.0,9.0,2.0,0
Jarnell Stokes,2015.0,126.0,19.0,6.631578947368421,PF,21.0,MEM,18.6,20.5,0.1,0.5,57.0,4.0,34.0,0
Noah Vonleh,2015.0,259.0,25.0,10.36,PF,19.0,CHO,13.2,17.3,-0.2,-5.6,83.0,4.0,86.0,1
T.J. Warren,2015.0,614.0,40.0,15.35,SF,21.0,PHO,14.0,17.8,0.0,-2.1,245.0,25.0,85.0,1
David Wear,2015.0,7.0,2.0,3.5,PF,24.0,SAC,2.4,12.6,0.0,-3.0,0.0,1.0,2.0,0
Travis Wear,2015.0,672.0,51.0,13.176470588235293,SF,24.0,NYK,8.5,17.5,-0.7,-6.1,199.0,40.0,106.0,0
Shayne Whittington,2015.0,108.0,20.0,5.4,PF,23.0,IND,20.0,23.9,0.1,0.5,57.0,6.0,29.0,0
Andrew Wiggins,2015.0,2969.0,82.0,36.207317073170735,SF,19.0,MIN,13.9,22.6,-0.2,-2.3,1387.0,170.0,374.0,1
C.J. Wilcox,2015.0,101.0,21.0,4.809523809523809,SG,24.0,LAC,8.5,21.8,-0.1,-6.0,41.0,8.0,7.0,0
James Young,2015.0,332.0,31.0,10.709677419354838,SG,19.0,BOS,8.5,15.8,-0.2,-3.8,105.0,13.0,42.0,0
Cliff Alexander,2016.0,36.0,8.0,4.5,PF,20.0,POR,11.6,13.3,0.0,-7.0,10.0,0.0,6.0,0
Justin Anderson,2016.0,647.0,55.0,11.763636363636364,SF,22.0,DAL,12.3,15.8,0.1,-1.2,208.0,29.0,132.0,1
Thanasis Antetokounmpo,2016.0,6.0,2.0,3.0,SF,23.0,NYK,32.9,30.2,0.0,-4.1,6.0,0.0,1.0,0
Keith Appling,2016.0,27.0,5.0,5.4,PG,23.0,ORL,-4.8,19.5,-0.1,-13.0,6.0,1.0,1.0,0
Nemanja Bjelica,2016.0,1075.0,60.0,17.916666666666668,PF,27.0,MIN,11.2,12.8,0.6,0.3,308.0,83.0,210.0,1
Devin Booker,2016.0,2108.0,76.0,27.736842105263158,SG,19.0,PHO,11.9,23.0,-0.6,-3.1,1048.0,200.0,187.0,1
Anthony Brown,2016.0,599.0,29.0,20.655172413793103,SF,23.0,LAL,4.9,11.0,-0.5,-5.0,115.0,19.0,70.0,1
Willie Cauley-Stein,2016.0,1412.0,66.0,21.393939393939394,C,22.0,SAC,15.3,13.2,1.0,0.7,463.0,37.0,352.0,1
Rakeem Christmas,2016.0,6.0,1.0,6.0,PF,24.0,IND,32.0,14.7,0.0,3.2,4.0,0.0,1.0,0
Coty Clarke,2016.0,6.0,3.0,2.0,SF,23.0,BOS,23.9,35.5,0.0,-9.5,6.0,0.0,1.0,0
Pat Connaughton,2016.0,143.0,34.0,4.205882352941177,SG,23.0,POR,4.6,18.7,-0.2,-8.2,36.0,10.0,32.0,0
Branden Dawson,2016.0,29.0,6.0,4.833333333333333,PF,22.0,LAC,7.1,8.5,0.0,-6.6,5.0,0.0,4.0,0
Bryce Dejean-Jones,2016.0,279.0,14.0,19.928571428571427,SG,23.0,NOP,9.6,14.1,0.0,-2.6,79.0,15.0,48.0,1
Sam Dekker,2016.0,6.0,3.0,2.0,SF,21.0,HOU,10.8,0.0,0.0,0.5,0.0,0.0,1.0,1
Duje Dukan,2016.0,24.0,1.0,24.0,SF,24.0,SAC,4.2,17.7,0.0,-6.7,6.0,1.0,4.0,1
Jarell Eddie,2016.0,147.0,26.0,5.653846153846154,SF,24.0,WAS,11.0,20.7,-0.1,-4.7,63.0,5.0,23.0,0
Cristiano Felicio,2016.0,321.0,31.0,10.35483870967742,C,23.0,CHI,17.6,13.7,0.2,0.9,105.0,26.0,102.0,1
Jerian Grant,2016.0,1265.0,76.0,16.644736842105264,PG,23.0,NYK,11.2,19.0,-0.5,-3.4,426.0,177.0,143.0,1
Montrezl Harrell,2016.0,379.0,39.0,9.717948717948717,PF,22.0,HOU,14.6,14.5,0.0,-1.9,140.0,17.0,65.0,1
Aaron Harrison,2016.0,93.0,21.0,4.428571428571429,SG,21.0,CHO,4.3,13.7,-0.1,-5.5,18.0,2.0,15.0,0
Mario Hezonja,2016.0,1413.0,79.0,17.88607594936709,SF,20.0,ORL,9.4,16.9,-0.3,-2.8,478.0,109.0,176.0,1
Darrun Hilliard,2016.0,383.0,38.0,10.078947368421053,SG,22.0,DET,10.7,19.1,-0.2,-3.6,152.0,27.0,45.0,0
Rondae Hollis-Jefferson,2016.0,615.0,29.0,21.20689655172414,SF,21.0,BRK,14.2,13.5,0.5,1.2,167.0,43.0,154.0,1
Richaun Holmes,2016.0,702.0,51.0,13.764705882352942,PF,22.0,PHI,15.9,17.9,0.2,-0.9,287.0,33.0,135.0,1
Marcelo Huertas,2016.0,869.0,53.0,16.39622641509434,PG,32.0,LAL,10.4,16.3,-0.9,-6.0,237.0,182.0,90.0,1
Josh Huestis,2016.0,55.0,5.0,11.0,PF,24.0,OKC,6.7,13.0,-0.1,-7.4,14.0,0.0,10.0,1
R.J. Hunter,2016.0,315.0,36.0,8.75,SG,22.0,BOS,7.7,15.1,-0.1,-3.5,97.0,13.0,37.0,0
Damien Inglis,2016.0,156.0,20.0,7.8,SF,20.0,MIL,6.7,14.9,-0.2,-6.4,36.0,10.0,31.0,0
Stanley Johnson,2016.0,1687.0,73.0,23.10958904109589,SF,19.0,DET,8.7,19.6,-0.2,-2.6,593.0,118.0,306.0,1
Nikola Jokic,2016.0,1733.0,80.0,21.6625,C,20.0,DEN,21.5,19.9,3.0,4.8,796.0,189.0,560.0,1
Tyus Jones,2016.0,573.0,37.0,15.486486486486486,PG,19.0,MIN,11.2,16.1,-0.3,-3.7,156.0,108.0,47.0,1
Frank Kaminsky,2016.0,1708.0,81.0,21.08641975308642,C,22.0,CHO,12.5,17.1,0.3,-1.2,606.0,98.0,335.0,1
Sasha Kaun,2016.0,95.0,25.0,3.8,C,30.0,CLE,12.5,13.7,0.0,-0.8,23.0,3.0,26.0,0
Kevon Looney,2016.0,21.0,5.0,4.2,PF,19.0,GSW,18.6,16.5,0.0,-9.5,9.0,0.0,10.0,0
Trey Lyles,2016.0,1382.0,80.0,17.275,PF,20.0,UTA,11.6,17.9,-0.3,-2.8,488.0,59.0,299.0,1
Boban Marjanovic,2016.0,508.0,54.0,9.407407407407407,C,27.0,SAS,27.7,22.8,0.7,3.6,297.0,21.0,194.0,0
Jarell Martin,2016.0,380.0,27.0,14.074074074074074,PF,21.0,MEM,14.0,19.2,-0.1,-3.2,153.0,15.0,86.0,0
T.J. McConnell,2016.0,1606.0,81.0,19.82716049382716,PG,23.0,PHI,14.5,17.0,0.0,-2.1,493.0,367.0,250.0,1
Chris McCullough,2016.0,362.0,24.0,15.083333333333334,PF,20.0,BRK,12.2,16.5,0.1,-1.0,112.0,9.0,68.0,1
Jordan McRae,2016.0,195.0,22.0,8.863636363636363,PG,24.0,TOT,14.2,23.9,-0.1,-4.3,99.0,25.0,20.0,0
Jordan McRae,2016.0,82.0,7.0,11.714285714285714,PG,24.0,PHO,14.2,20.0,0.0,-3.0,37.0,10.0,8.0,0
Jordan McRae,2016.0,113.0,15.0,7.533333333333333,PG,24.0,CLE,14.2,26.7,-0.1,-5.2,62.0,15.0,12.0,0
Salah Mejri,2016.0,397.0,34.0,11.676470588235293,C,29.0,DAL,16.8,14.0,0.3,1.1,125.0,10.0,123.0,0
Jordan Mickey,2016.0,57.0,16.0,3.5625,PF,21.0,BOS,15.3,20.5,0.0,-3.2,21.0,1.0,13.0,0
Luis Montero,2016.0,42.0,12.0,3.5,SG,22.0,POR,-2.7,25.7,-0.2,-16.9,14.0,1.0,4.0,0
Emmanuel Mudiay,2016.0,2068.0,68.0,30.41176470588235,PG,19.0,DEN,9.9,25.7,-1.2,-4.3,872.0,372.0,232.0,1
Xavier Munford,2016.0,244.0,14.0,17.428571428571427,SG,23.0,MEM,9.9,18.0,-0.1,-3.1,80.0,22.0,31.0,1
Raul Neto,2016.0,1499.0,81.0,18.506172839506174,PG,23.0,UTA,10.2,17.2,-0.1,-2.3,476.0,174.0,120.0,1
J.J. O'Brien,2016.0,6.0,2.0,3.0,SF,23.0,UTA,1.3,7.7,0.0,-4.7,0.0,0.0,1.0,0
Jahlil Okafor,2016.0,1591.0,53.0,30.0188679245283,C,20.0,PHI,17.1,27.3,-0.8,-4.1,928.0,65.0,373.0,1
Kelly Oubre,2016.0,671.0,63.0,10.65079365079365,SF,20.0,WAS,8.2,17.4,-0.7,-5.8,236.0,13.0,133.0,1
Lamar Patterson,2016.0,395.0,35.0,11.285714285714286,SG,24.0,ATL,5.1,12.8,-0.3,-4.9,84.0,39.0,50.0,0
Cameron Payne,2016.0,698.0,57.0,12.24561403508772,PG,21.0,OKC,12.9,20.3,0.1,-1.3,283.0,108.0,85.0,1
Tibor Pleiss,2016.0,82.0,12.0,6.833333333333333,C,26.0,UTA,3.5,19.1,-0.1,-8.1,24.0,2.0,15.0,0
Bobby Portis,2016.0,1102.0,62.0,17.774193548387096,PF,20.0,CHI,13.8,20.7,-0.4,-3.3,436.0,52.0,337.0,1
Kristaps Porzingis,2016.0,2047.0,72.0,28.430555555555557,PF,20.0,NYK,17.7,24.6,1.1,0.1,1028.0,94.0,526.0,1
Norman Powell,2016.0,725.0,49.0,14.795918367346939,SG,22.0,TOR,13.3,17.8,0.3,-0.4,273.0,47.0,111.0,1
Willie Reed,2016.0,426.0,39.0,10.923076923076923,C,25.0,BRK,19.2,18.1,0.0,-1.6,182.0,10.0,122.0,0
Josh Richardson,2016.0,1107.0,52.0,21.28846153846154,SG,22.0,MIA,11.4,13.8,0.7,0.6,341.0,73.0,107.0,1
Terry Rozier,2016.0,311.0,39.0,7.9743589743589745,PG,21.0,BOS,5.0,17.7,-0.4,-6.6,72.0,37.0,63.0,1
D'Angelo Russell,2016.0,2259.0,80.0,28.2375,PG,19.0,LAL,13.2,24.1,0.1,-1.8,1054.0,266.0,274.0,1
Jonathon Simmons,2016.0,813.0,55.0,14.781818181818181,SG,26.0,SAS,11.9,18.9,0.2,-1.0,331.0,58.0,96.0,1
Alex Stepheson,2016.0,73.0,8.0,9.125,PF,28.0,TOT,14.8,19.8,0.0,-3.2,22.0,2.0,28.0,1
Alex Stepheson,2016.0,12.0,4.0,3.0,PF,28.0,LAC,8.9,7.1,0.0,0.0,2.0,0.0,2.0,1
Alex Stepheson,2016.0,61.0,4.0,15.25,PF,28.0,MEM,16.0,22.4,0.0,-3.8,20.0,2.0,26.0,1
Walter Tavares,2016.0,73.0,11.0,6.636363636363637,C,23.0,ATL,14.4,16.9,0.0,-2.3,25.0,3.0,21.0,0
Axel Toupane,2016.0,305.0,21.0,14.523809523809524,SF,23.0,DEN,7.1,12.0,-0.1,-2.8,76.0,15.0,31.0,0
Karl-Anthony Towns,2016.0,2627.0,82.0,32.03658536585366,C,20.0,MIN,22.5,24.9,3.1,2.8,1503.0,161.0,858.0,1
Myles Turner,2016.0,1367.0,60.0,22.783333333333335,C,19.0,IND,15.4,20.9,-0.1,-2.3,619.0,41.0,332.0,1
Rashad Vaughn,2016.0,1001.0,70.0,14.3,SG,19.0,MIL,4.2,13.5,-1.0,-6.1,217.0,39.0,88.0,0
Briante Weber,2016.0,169.0,7.0,24.142857142857142,PG,23.0,TOT,8.9,13.2,0.0,-2.1,31.0,21.0,25.0,1
Briante Weber,2016.0,166.0,6.0,27.666666666666668,PG,23.0,MEM,8.3,13.2,0.0,-2.4,29.0,20.0,24.0,1
Briante Weber,2016.0,3.0,1.0,3.0,PG,23.0,MIA,39.3,15.2,0.0,14.0,2.0,1.0,1.0,1
Alan Williams,2016.0,68.0,10.0,6.8,PF,23.0,PHO,21.1,22.6,0.1,1.5,29.0,5.0,38.0,1
Justise Winslow,2016.0,2232.0,78.0,28.615384615384617,SF,19.0,MIA,8.4,12.5,0.8,-0.6,502.0,117.0,403.0,1
Christian Wood,2016.0,145.0,17.0,8.529411764705882,PF,20.0,PHI,16.4,19.4,-0.1,-4.5,61.0,3.0,38.0,0
Delon Wright,2016.0,229.0,27.0,8.481481481481481,PG,23.0,TOR,17.8,22.1,0.1,-0.7,103.0,31.0,37.0,1
Joe Young,2016.0,384.0,41.0,9.365853658536585,PG,23.0,IND,9.9,24.4,-0.3,-5.4,154.0,65.0,50.0,0
Alex Abrines,2017.0,1055.0,68.0,15.514705882352942,SG,23.0,OKC,10.1,15.9,-0.1,-2.5,406.0,40.0,86.0,1
Ron Baker,2017.0,857.0,52.0,16.48076923076923,SG,23.0,NYK,7.5,14.8,-0.5,-4.4,215.0,107.0,98.0,1
Wade Baldwin,2017.0,405.0,33.0,12.272727272727273,PG,20.0,MEM,6.4,19.2,-0.4,-5.8,106.0,61.0,46.0,0
Malik Beasley,2017.0,165.0,22.0,7.5,SG,20.0,DEN,13.7,22.0,-0.1,-3.9,83.0,11.0,17.0,0
DeAndre' Bembry,2017.0,371.0,38.0,9.763157894736842,SF,22.0,ATL,8.8,14.2,-0.2,-4.3,101.0,28.0,59.0,0
Dragan Bender,2017.0,574.0,43.0,13.348837209302326,PF,19.0,PHO,5.3,14.4,-0.3,-4.3,146.0,23.0,103.0,0
Ben Bentil,2017.0,10.0,3.0,3.3333333333333335,PF,21.0,DAL,-17.6,18.9,-0.1,-26.9,0.0,0.0,2.0,0
Davis Bertans,2017.0,808.0,67.0,12.059701492537313,PF,24.0,SAS,12.9,15.7,0.8,1.7,303.0,46.0,99.0,0
Joel Bolomboy,2017.0,53.0,12.0,4.416666666666667,PF,23.0,UTA,19.7,18.2,0.0,-0.8,22.0,2.0,17.0,0
Malcolm Brogdon,2017.0,1982.0,75.0,26.426666666666666,SG,24.0,MIL,14.9,18.5,0.8,-0.5,767.0,317.0,213.0,1
Jaylen Brown,2017.0,1341.0,78.0,17.192307692307693,SF,20.0,BOS,10.3,18.1,-0.7,-4.0,515.0,64.0,220.0,1
Nicolas Brussino,2017.0,521.0,54.0,9.648148148148149,SF,23.0,DAL,10.7,16.0,0.1,-1.0,150.0,47.0,95.0,0
Marquese Chriss,2017.0,1743.0,82.0,21.25609756097561,PF,19.0,PHO,12.3,19.7,0.2,-1.6,753.0,60.0,348.0,1
Semaj Christon,2017.0,973.0,64.0,15.203125,PG,24.0,OKC,5.7,12.2,-1.1,-6.3,183.0,130.0,88.0,1
Quinn Cook,2017.0,188.0,14.0,13.428571428571429,PG,23.0,TOT,11.8,19.6,-0.2,-5.9,79.0,26.0,7.0,1
Quinn Cook,2017.0,77.0,5.0,15.4,PG,23.0,DAL,6.9,20.7,-0.1,-8.7,27.0,12.0,3.0,1
Quinn Cook,2017.0,111.0,9.0,12.333333333333334,PG,23.0,NOP,15.3,18.9,-0.1,-4.0,52.0,14.0,4.0,1
Deyonta Davis,2017.0,238.0,36.0,6.611111111111111,C,20.0,MEM,10.6,12.0,-0.1,-3.6,58.0,2.0,60.0,0
Malcolm Delaney,2017.0,1248.0,73.0,17.095890410958905,PG,27.0,ATL,7.5,18.3,-1.2,-5.8,391.0,193.0,124.0,1
Cheick Diallo,2017.0,199.0,17.0,11.705882352941176,PF,20.0,NOP,16.8,20.5,-0.2,-5.6,87.0,4.0,73.0,0
Kris Dunn,2017.0,1333.0,78.0,17.08974358974359,PG,22.0,MIN,8.1,14.2,-0.1,-2.2,293.0,188.0,166.0,1
Henry Ellenson,2017.0,146.0,19.0,7.684210526315789,PF,20.0,DET,7.5,24.7,-0.2,-8.2,60.0,7.0,41.0,0
Joel Embiid,2017.0,786.0,31.0,25.35483870967742,C,22.0,PHI,24.1,36.0,1.0,3.2,627.0,66.0,243.0,1
Kay Felder,2017.0,386.0,42.0,9.19047619047619,PG,21.0,CLE,11.2,24.3,-0.4,-6.1,166.0,58.0,41.0,0
Yogi Ferrell,2017.0,1197.0,46.0,26.02173913043478,PG,23.0,TOT,13.1,19.6,0.4,-0.7,462.0,172.0,111.0,1
Yogi Ferrell,2017.0,151.0,10.0,15.1,PG,23.0,BRK,6.5,19.9,-0.2,-7.3,54.0,17.0,12.0,1
Yogi Ferrell,2017.0,1046.0,36.0,29.055555555555557,PG,23.0,DAL,14.1,19.5,0.6,0.2,408.0,155.0,99.0,1
Dorian Finney-Smith,2017.0,1642.0,81.0,20.271604938271604,PF,23.0,DAL,7.7,11.6,0.2,-1.5,350.0,67.0,221.0,1
Bryn Forbes,2017.0,285.0,36.0,7.916666666666667,SG,23.0,SAS,5.9,17.9,-0.3,-6.0,94.0,23.0,23.0,0
Patricio Garino,2017.0,43.0,5.0,8.6,SG,23.0,ORL,-9.2,10.2,-0.2,-17.3,0.0,0.0,7.0,0
Michael Gbinije,2017.0,32.0,9.0,3.5555555555555554,SG,24.0,DET,-2.1,15.0,-0.1,-10.4,4.0,2.0,3.0,0
Marcus Georges-Hunt,2017.0,48.0,5.0,9.6,SG,22.0,ORL,10.2,12.3,0.0,-4.7,14.0,3.0,9.0,0
Jonathan Gibson,2017.0,231.0,17.0,13.588235294117647,PG,29.0,DAL,9.5,26.3,-0.2,-5.5,106.0,26.0,22.0,0
Treveon Graham,2017.0,189.0,27.0,7.0,SG,23.0,CHO,10.6,11.8,0.0,-2.8,57.0,6.0,22.0,0
A.J. Hammons,2017.0,163.0,22.0,7.409090909090909,C,24.0,DAL,8.4,17.6,-0.1,-5.6,48.0,4.0,36.0,0
Andrew Harrison,2017.0,1474.0,72.0,20.47222222222222,PG,22.0,MEM,8.7,16.4,-0.2,-2.5,425.0,198.0,136.0,1
Juan Hernangomez,2017.0,842.0,62.0,13.580645161290322,PF,21.0,DEN,13.3,14.6,0.1,-1.3,305.0,29.0,187.0,0
Willy Hernangomez,2017.0,1324.0,72.0,18.38888888888889,C,22.0,NYK,18.9,20.3,0.7,0.0,587.0,96.0,502.0,1
Buddy Hield,2017.0,1888.0,82.0,23.024390243902438,SG,23.0,TOT,11.8,21.4,-0.4,-2.8,866.0,121.0,269.0,1
Buddy Hield,2017.0,1161.0,57.0,20.36842105263158,SG,23.0,NOP,9.9,20.4,-0.5,-3.6,488.0,77.0,166.0,1
Buddy Hield,2017.0,727.0,25.0,29.08,SG,23.0,SAC,14.9,22.9,0.1,-1.5,378.0,44.0,103.0,1
Danuel House,2017.0,1.0,1.0,1.0,SG,23.0,WAS,12.2,0.0,0.0,-20.8,0.0,0.0,1.0,0
Brandon Ingram,2017.0,2279.0,79.0,28.848101265822784,SF,19.0,LAL,8.5,16.8,-1.1,-3.8,740.0,166.0,317.0,1
Demetrius Jackson,2017.0,17.0,5.0,3.4,PG,22.0,BOS,30.8,17.3,0.0,6.4,10.0,3.0,4.0,0
Pierre Jackson,2017.0,84.0,8.0,10.5,PG,25.0,DAL,13.0,25.3,-0.1,-4.4,35.0,19.0,9.0,0
Brice Johnson,2017.0,9.0,3.0,3.0,PF,22.0,LAC,17.2,39.8,0.0,1.3,4.0,1.0,3.0,0
Damian Jones,2017.0,85.0,10.0,8.5,C,21.0,GSW,5.3,13.4,-0.2,-9.6,19.0,0.0,23.0,0
Derrick Jones,2017.0,545.0,32.0,17.03125,SF,19.0,PHO,12.0,11.7,0.1,-1.1,168.0,12.0,79.0,1
Mindaugas Kuzminskas,2017.0,1016.0,68.0,14.941176470588236,SF,27.0,NYK,12.4,19.2,-0.2,-2.7,425.0,69.0,126.0,0
Skal Labissiere,2017.0,612.0,33.0,18.545454545454547,PF,20.0,SAC,16.8,21.3,-0.1,-2.6,289.0,27.0,162.0,1
Nicolas Laprovittola,2017.0,174.0,18.0,9.666666666666666,PG,27.0,SAS,8.4,18.2,-0.1,-4.9,59.0,28.0,10.0,0
Jake Layman,2017.0,249.0,35.0,7.114285714285714,SF,22.0,POR,4.9,19.0,-0.3,-7.4,78.0,11.0,24.0,0
Caris LeVert,2017.0,1237.0,57.0,21.70175438596491,SF,22.0,BRK,12.2,16.6,0.3,-1.1,468.0,110.0,188.0,1
Shawn Long,2017.0,234.0,18.0,13.0,C,24.0,PHI,24.1,25.4,0.3,3.4,148.0,13.0,85.0,0
Timothe Luwawu-Cabarrot,2017.0,1190.0,69.0,17.246376811594203,SF,21.0,PHI,8.5,17.8,-0.6,-4.0,445.0,75.0,149.0,1
Thon Maker,2017.0,562.0,57.0,9.859649122807017,C,19.0,MIL,14.0,17.8,0.1,-1.5,226.0,23.0,114.0,0
Patrick McCaw,2017.0,1074.0,71.0,15.126760563380282,SG,21.0,GSW,8.6,11.9,0.1,-1.7,282.0,77.0,101.0,1
Sheldon McClellan,2017.0,287.0,30.0,9.566666666666666,SG,24.0,WAS,10.1,14.0,-0.1,-3.6,90.0,15.0,34.0,0
Rodney McGruder,2017.0,1966.0,78.0,25.205128205128204,SG,25.0,MIA,9.1,12.3,0.8,-0.4,497.0,124.0,257.0,1
Dejounte Murray,2017.0,322.0,38.0,8.473684210526315,PG,20.0,SAS,9.6,23.5,-0.2,-4.8,130.0,48.0,42.0,0
Jamal Murray,2017.0,1764.0,82.0,21.51219512195122,SG,19.0,DEN,11.9,21.6,-0.3,-2.6,811.0,170.0,214.0,1
Maurice Ndour,2017.0,331.0,32.0,10.34375,PF,24.0,NYK,11.3,14.3,-0.1,-3.8,98.0,8.0,64.0,0
Georges Niang,2017.0,93.0,23.0,4.043478260869565,PF,23.0,IND,0.1,20.2,-0.2,-12.1,21.0,5.0,17.0,0
David Nwaba,2017.0,397.0,20.0,19.85,SG,24.0,LAL,12.1,11.8,0.0,-2.0,120.0,14.0,62.0,1
Daniel Ochefu,2017.0,75.0,19.0,3.9473684210526314,C,23.0,WAS,6.6,18.0,-0.1,-8.4,24.0,3.0,22.0,0
Chinanu Onuaku,2017.0,52.0,5.0,10.4,C,20.0,HOU,12.3,10.4,0.0,-0.6,14.0,3.0,10.0,0
Georgios Papagiannis,2017.0,355.0,22.0,16.136363636363637,C,19.0,SAC,12.7,16.9,-0.1,-2.7,124.0,20.0,86.0,1
Gary Payton,2017.0,99.0,6.0,16.5,PG,24.0,MIL,4.5,15.8,-0.1,-6.7,20.0,13.0,12.0,1
Marshall Plumlee,2017.0,170.0,21.0,8.095238095238095,C,24.0,NYK,10.9,12.8,0.0,-2.8,40.0,10.0,51.0,0
Jakob Poeltl,2017.0,626.0,54.0,11.592592592592593,C,21.0,TOR,12.2,12.1,0.2,-0.7,165.0,12.0,165.0,0
Alex Poythress,2017.0,157.0,6.0,26.166666666666668,PF,23.0,PHI,13.2,16.9,0.0,-2.5,64.0,5.0,29.0,1
Tim Quarterman,2017.0,80.0,16.0,5.0,SG,22.0,POR,10.2,22.8,-0.1,-4.8,31.0,11.0,14.0,0
Chasson Randle,2017.0,299.0,26.0,11.5,PG,23.0,TOT,13.6,19.7,0.0,-2.6,137.0,34.0,32.0,0
Chasson Randle,2017.0,74.0,8.0,9.25,PG,23.0,PHI,17.7,20.1,0.0,-0.1,42.0,6.0,5.0,0
Chasson Randle,2017.0,225.0,18.0,12.5,PG,23.0,NYK,12.3,19.6,-0.1,-3.4,95.0,28.0,27.0,0
Malachi Richardson,2017.0,198.0,22.0,9.0,SG,21.0,SAC,9.6,19.3,-0.2,-5.5,79.0,11.0,23.0,0
Domantas Sabonis,2017.0,1632.0,81.0,20.14814814814815,PF,20.0,OKC,6.9,15.4,-1.2,-4.9,479.0,82.0,287.0,1
Dario Saric,2017.0,2129.0,81.0,26.28395061728395,PF,22.0,PHI,12.8,24.6,-0.1,-2.2,1040.0,182.0,513.0,1
Tomas Satoransky,2017.0,719.0,57.0,12.614035087719298,SG,25.0,WAS,8.5,12.1,-0.2,-3.1,154.0,92.0,83.0,0
Wayne Selden,2017.0,236.0,14.0,16.857142857142858,SG,22.0,TOT,6.9,15.3,-0.2,-5.0,71.0,13.0,16.0,1
Wayne Selden,2017.0,47.0,3.0,15.666666666666666,SG,22.0,NOP,10.0,12.0,0.0,-1.2,16.0,1.0,5.0,1
Wayne Selden,2017.0,189.0,11.0,17.181818181818183,SG,22.0,MEM,6.2,16.1,-0.2,-6.0,55.0,12.0,11.0,1
Pascal Siakam,2017.0,859.0,55.0,15.618181818181819,PF,22.0,TOR,11.5,13.1,0.2,-1.1,229.0,17.0,185.0,1
Diamond Stone,2017.0,24.0,7.0,3.4285714285714284,C,19.0,LAC,-1.2,31.3,-0.1,-24.1,10.0,0.0,6.0,0
Edy Tavares,2017.0,28.0,2.0,14.0,C,24.0,TOT,21.3,13.2,0.0,3.9,8.0,1.0,11.0,1
Edy Tavares,2017.0,4.0,1.0,4.0,C,24.0,ATL,13.1,20.5,0.0,-15.1,2.0,0.0,1.0,1
Edy Tavares,2017.0,24.0,1.0,24.0,C,24.0,CLE,22.6,12.0,0.1,7.0,6.0,1.0,10.0,1
Isaiah Taylor,2017.0,52.0,4.0,13.0,PG,22.0,HOU,0.3,6.4,-0.1,-6.6,3.0,3.0,3.0,0
Mike Tobey,2017.0,25.0,2.0,12.5,C,22.0,CHO,-0.1,9.0,0.0,-8.9,2.0,1.0,3.0,0
Tyler Ulis,2017.0,1123.0,61.0,18.40983606557377,PG,21.0,PHO,13.0,20.3,-0.6,-4.0,444.0,226.0,95.0,1
Jarrod Uthoff,2017.0,115.0,9.0,12.777777777777779,PF,23.0,DAL,13.9,18.1,0.0,-1.4,40.0,9.0,22.0,0
Denzel Valentine,2017.0,976.0,57.0,17.12280701754386,SG,23.0,CHI,7.3,15.4,-0.2,-2.8,291.0,63.0,151.0,1
Fred VanVleet,2017.0,294.0,37.0,7.945945945945946,PG,22.0,TOR,10.5,20.6,-0.1,-3.2,107.0,35.0,42.0,0
Taurean Waller-Prince,2017.0,981.0,59.0,16.627118644067796,SF,22.0,ATL,9.8,17.2,-0.1,-2.3,335.0,55.0,157.0,1
Okaro White,2017.0,471.0,35.0,13.457142857142857,PF,24.0,MIA,7.5,10.8,0.0,-2.1,98.0,21.0,82.0,0
Isaiah Whitehead,2017.0,1643.0,73.0,22.506849315068493,PG,21.0,BRK,7.5,18.2,-1.2,-4.9,543.0,192.0,184.0,1
Troy Williams,2017.0,557.0,30.0,18.566666666666666,SF,22.0,TOT,8.9,17.2,-0.1,-2.7,185.0,25.0,69.0,1
Troy Williams,2017.0,418.0,24.0,17.416666666666668,SF,22.0,MEM,7.6,17.5,-0.1,-3.1,127.0,19.0,45.0,1
Troy Williams,2017.0,139.0,6.0,23.166666666666668,SF,22.0,HOU,12.8,16.2,0.0,-1.7,58.0,6.0,24.0,1
Kyle Wiltjer,2017.0,44.0,14.0,3.142857142857143,PF,24.0,HOU,6.7,19.1,0.0,-4.0,13.0,2.0,10.0,0
Stephen Zimmerman,2017.0,108.0,19.0,5.684210526315789,C,20.0,ORL,7.3,14.8,-0.1,-7.3,23.0,4.0,35.0,0
Paul Zipser,2017.0,843.0,44.0,19.15909090909091,SF,22.0,CHI,6.9,14.4,-0.4,-3.7,240.0,36.0,125.0,1
Ivica Zubac,2017.0,609.0,38.0,16.026315789473685,C,19.0,LAL,17.0,20.3,-0.1,-2.5,284.0,30.0,159.0,1
